brand,chain,report_date,report_month,units_4w,dollars_4w,stores_4w,velocity_spw_4w,units_52w,dollars_52w,stores_52w,velocity_spw_52w,units_ytd,dollars_ytd,stores_ytd,velocity_spw_ytd,source_file
NEOLEA,12 Weeks,2025-06-15,2025-06-01,,,,,0.0,0.0,,,,,,,SPINS PowerTabs Neolea Data Ending 06-15-25.xlsb
NEOLEA,24 Weeks,2025-06-15,2025-06-01,,,,,0.0,0.0,,,,,,,SPINS PowerTabs Neolea Data Ending 06-15-25.xlsb
NEOLEA,4 Weeks,2025-06-15,2025-06-01,,,,,0.0,0.0,,,,,,,SPINS PowerTabs Neolea Data Ending 06-15-25.xlsb
NEOLEA,45466,2025-06-15,2025-06-01,,,,,110.1,1507.01,,,,,,,SPINS PowerTabs Neolea Data Ending 06-15-25.xlsb
NEOLEA,45473,2025-06-15,2025-06-01,,,,,35.8,453.39,,,,,,,SPINS PowerTabs Neolea Data Ending 06-15-25.xlsb
NEOLEA,45480,2025-06-15,2025-06-01,,,,,36.9,573.79,,,,,,,SPINS PowerTabs Neolea Data Ending 06-15-25.xlsb
NEOLEA,45487,2025-06-15,2025-06-01,,,,,27.5,458.86,,,,,,,SPINS PowerTabs Neolea Data Ending 06-15-25.xlsb
NEOLEA,45494,2025-06-15,2025-06-01,,,,,27.7,454.83,,,,,,,SPINS PowerTabs Neolea Data Ending 06-15-25.xlsb
NEOLEA,45501,2025-06-15,2025-06-01,,,,,29.3,472.31,,,,,,,SPINS PowerTabs Neolea Data Ending 06-15-25.xlsb
NEOLEA,45508,2025-06-15,2025-06-01,,,,,31.2,510.57,,,,,,,SPINS PowerTabs Neolea Data Ending 06-15-25.xlsb
NEOLEA,45515,2025-06-15,2025-06-01,,,,,28.2,449.79,,,,,,,SPINS PowerTabs Neolea Data Ending 06-15-25.xlsb
NEOLEA,45522,2025-06-15,2025-06-01,,,,,22.8,367.7,,,,,,,SPINS PowerTabs Neolea Data Ending 06-15-25.xlsb
NEOLEA,45529,2025-06-15,2025-06-01,,,,,29.8,496.44,,,,,,,SPINS PowerTabs Neolea Data Ending 06-15-25.xlsb
NEOLEA,45536,2025-06-15,2025-06-01,,,,,27.4,455.84,,,,,,,SPINS PowerTabs Neolea Data Ending 06-15-25.xlsb
NEOLEA,45543,2025-06-15,2025-06-01,,,,,24.7,371.69,,,,,,,SPINS PowerTabs Neolea Data Ending 06-15-25.xlsb
NEOLEA,45550,2025-06-15,2025-06-01,,,,,20.6,320.46,,,,,,,SPINS PowerTabs Neolea Data Ending 06-15-25.xlsb
NEOLEA,45557,2025-06-15,2025-06-01,,,,,13.8,218.06,,,,,,,SPINS PowerTabs Neolea Data Ending 06-15-25.xlsb
NEOLEA,45564,2025-06-15,2025-06-01,,,,,18.900000000000002,285.42,,,,,,,SPINS PowerTabs Neolea Data Ending 06-15-25.xlsb
NEOLEA,45571,2025-06-15,2025-06-01,,,,,27.0,427.76,,,,,,,SPINS PowerTabs Neolea Data Ending 06-15-25.xlsb
NEOLEA,45578,2025-06-15,2025-06-01,,,,,17.9,299.24,,,,,,,SPINS PowerTabs Neolea Data Ending 06-15-25.xlsb
NEOLEA,45585,2025-06-15,2025-06-01,,,,,24.1,397.04,,,,,,,SPINS PowerTabs Neolea Data Ending 06-15-25.xlsb
NEOLEA,45592,2025-06-15,2025-06-01,,,,,21.4,346.28999999999996,,,,,,,SPINS PowerTabs Neolea Data Ending 06-15-25.xlsb
NEOLEA,45599,2025-06-15,2025-06-01,,,,,52.9,751.55,,,,,,,SPINS PowerTabs Neolea Data Ending 06-15-25.xlsb
NEOLEA,45606,2025-06-15,2025-06-01,,,,,53.2,756.43,,,,,,,SPINS PowerTabs Neolea Data Ending 06-15-25.xlsb
NEOLEA,45613,2025-06-15,2025-06-01,,,,,44.7,624.98,,,,,,,SPINS PowerTabs Neolea Data Ending 06-15-25.xlsb
NEOLEA,45620,2025-06-15,2025-06-01,,,,,61.5,872.34,,,,,,,SPINS PowerTabs Neolea Data Ending 06-15-25.xlsb
NEOLEA,45627,2025-06-15,2025-06-01,,,,,73.2,1026.26,,,,,,,SPINS PowerTabs Neolea Data Ending 06-15-25.xlsb
NEOLEA,45634,2025-06-15,2025-06-01,,,,,43.2,650.9599999999999,,,,,,,SPINS PowerTabs Neolea Data Ending 06-15-25.xlsb
NEOLEA,45641,2025-06-15,2025-06-01,,,,,38.8,594.28,,,,,,,SPINS PowerTabs Neolea Data Ending 06-15-25.xlsb
NEOLEA,45648,2025-06-15,2025-06-01,,,,,102.8,1563.53,,,,,,,SPINS PowerTabs Neolea Data Ending 06-15-25.xlsb
NEOLEA,45655,2025-06-15,2025-06-01,,,,,58.7,908.62,,,,,,,SPINS PowerTabs Neolea Data Ending 06-15-25.xlsb
NEOLEA,45662,2025-06-15,2025-06-01,,,,,38.2,604.47,,,,,,,SPINS PowerTabs Neolea Data Ending 06-15-25.xlsb
NEOLEA,45669,2025-06-15,2025-06-01,,,,,61.4,694.75,,,,,,,SPINS PowerTabs Neolea Data Ending 06-15-25.xlsb
NEOLEA,45676,2025-06-15,2025-06-01,,,,,62.300000000000004,969.4000000000001,,,,,,,SPINS PowerTabs Neolea Data Ending 06-15-25.xlsb
NEOLEA,45683,2025-06-15,2025-06-01,,,,,59.3,907.1700000000001,,,,,,,SPINS PowerTabs Neolea Data Ending 06-15-25.xlsb
NEOLEA,45690,2025-06-15,2025-06-01,,,,,28.8,465.51,,,,,,,SPINS PowerTabs Neolea Data Ending 06-15-25.xlsb
NEOLEA,45697,2025-06-15,2025-06-01,,,,,37.900000000000006,571.1,,,,,,,SPINS PowerTabs Neolea Data Ending 06-15-25.xlsb
NEOLEA,45704,2025-06-15,2025-06-01,,,,,41.8,644.36,,,,,,,SPINS PowerTabs Neolea Data Ending 06-15-25.xlsb
NEOLEA,45711,2025-06-15,2025-06-01,,,,,23.799999999999997,366.77,,,,,,,SPINS PowerTabs Neolea Data Ending 06-15-25.xlsb
NEOLEA,45718,2025-06-15,2025-06-01,,,,,49.8,644.98,,,,,,,SPINS PowerTabs Neolea Data Ending 06-15-25.xlsb
NEOLEA,45725,2025-06-15,2025-06-01,,,,,36.4,497.26,,,,,,,SPINS PowerTabs Neolea Data Ending 06-15-25.xlsb
NEOLEA,45732,2025-06-15,2025-06-01,,,,,77.3,1001.9200000000001,,,,,,,SPINS PowerTabs Neolea Data Ending 06-15-25.xlsb
NEOLEA,45739,2025-06-15,2025-06-01,,,,,100.19999999999999,1323.37,,,,,,,SPINS PowerTabs Neolea Data Ending 06-15-25.xlsb
NEOLEA,45746,2025-06-15,2025-06-01,,,,,90.8,1179.42,,,,,,,SPINS PowerTabs Neolea Data Ending 06-15-25.xlsb
NEOLEA,45753,2025-06-15,2025-06-01,,,,,84.3,1165.45,,,,,,,SPINS PowerTabs Neolea Data Ending 06-15-25.xlsb
NEOLEA,45760,2025-06-15,2025-06-01,,,,,68.9,873.3299999999999,,,,,,,SPINS PowerTabs Neolea Data Ending 06-15-25.xlsb
NEOLEA,45767,2025-06-15,2025-06-01,,,,,97.1,1268.69,,,,,,,SPINS PowerTabs Neolea Data Ending 06-15-25.xlsb
NEOLEA,45774,2025-06-15,2025-06-01,,,,,114.9,1530.15,,,,,,,SPINS PowerTabs Neolea Data Ending 06-15-25.xlsb
NEOLEA,45781,2025-06-15,2025-06-01,,,,,60.0,821.5,,,,,,,SPINS PowerTabs Neolea Data Ending 06-15-25.xlsb
NEOLEA,45788,2025-06-15,2025-06-01,,,,,93.7,1368.99,,,,,,,SPINS PowerTabs Neolea Data Ending 06-15-25.xlsb
NEOLEA,45795,2025-06-15,2025-06-01,,,,,64.0,962.49,,,,,,,SPINS PowerTabs Neolea Data Ending 06-15-25.xlsb
NEOLEA,45802,2025-06-15,2025-06-01,,,,,72.7,1089.9099999999999,,,,,,,SPINS PowerTabs Neolea Data Ending 06-15-25.xlsb
NEOLEA,45809,2025-06-15,2025-06-01,,,,,97.7,1360.08,,,,,,,SPINS PowerTabs Neolea Data Ending 06-15-25.xlsb
NEOLEA,45816,2025-06-15,2025-06-01,,,,,84.1,1182.48,,,,,,,SPINS PowerTabs Neolea Data Ending 06-15-25.xlsb
NEOLEA,45823,2025-06-15,2025-06-01,,,,,94.8,1316.1399999999999,,,,,,,SPINS PowerTabs Neolea Data Ending 06-15-25.xlsb
NEOLEA,52 Weeks,2025-06-15,2025-06-01,,,,,0.0,0.0,,,,,,,SPINS PowerTabs Neolea Data Ending 06-15-25.xlsb
NEOLEA,AC - ALBERTSONSCO CORP - RMA,2025-06-15,2025-06-01,,,,,93693435.4,734292280.99,119.66400000000002,15057.133595863288,,,,,SPINS PowerTabs Neolea Data Ending 06-15-25.xlsb
NEOLEA,ACETAIA BELLEI,2025-06-15,2025-06-01,,,,,1764.2,605229.34,,,,,,,SPINS PowerTabs Neolea Data Ending 06-15-25.xlsb
NEOLEA,ACETAIA LEONARDI,2025-06-15,2025-06-01,,,,,953.6,18248.16,,,,,,,SPINS PowerTabs Neolea Data Ending 06-15-25.xlsb
NEOLEA,ACETAIA MALPIGHI,2025-06-15,2025-06-01,,,,,366.0,106.32,,,,,,,SPINS PowerTabs Neolea Data Ending 06-15-25.xlsb
NEOLEA,ACETAIA MILLAN,2025-06-15,2025-06-01,,,,,1067.4,4203.64,,,,,,,SPINS PowerTabs Neolea Data Ending 06-15-25.xlsb
NEOLEA,ACETAIA SAN GIACAMO,2025-06-15,2025-06-01,,,,,1509.6,8380.02,,,,,,,SPINS PowerTabs Neolea Data Ending 06-15-25.xlsb
NEOLEA,ACETAIA SAN GIACOMO,2025-06-15,2025-06-01,,,,,530.4,6253.9,,,,,,,SPINS PowerTabs Neolea Data Ending 06-15-25.xlsb
NEOLEA,ACETIA CATTANI,2025-06-15,2025-06-01,,,,,2216.4,186207.38,,,,,,,SPINS PowerTabs Neolea Data Ending 06-15-25.xlsb
NEOLEA,ACETUM,2025-06-15,2025-06-01,,,,,62.0,136.98,,,,,,,SPINS PowerTabs Neolea Data Ending 06-15-25.xlsb
NEOLEA,ACID LEAGUE,2025-06-15,2025-06-01,,,,,133.8,642.98,,,,,,,SPINS PowerTabs Neolea Data Ending 06-15-25.xlsb
NEOLEA,ALESSI,2025-06-15,2025-06-01,,,,,2311.6,2578581.64,,,,,,,SPINS PowerTabs Neolea Data Ending 06-15-25.xlsb
NEOLEA,ALIDORO,2025-06-15,2025-06-01,,,,,0.0,0.0,,,,,,,SPINS PowerTabs Neolea Data Ending 06-15-25.xlsb
NEOLEA,ALMAS,2025-06-15,2025-06-01,,,,,1190.0,11133.3,,,,,,,SPINS PowerTabs Neolea Data Ending 06-15-25.xlsb
NEOLEA,ANTICA ITALIA,2025-06-15,2025-06-01,,,,,0.0,0.0,,,,,,,SPINS PowerTabs Neolea Data Ending 06-15-25.xlsb
NEOLEA,APERO,2025-06-15,2025-06-01,,,,,1116.2,62849.78,,,,,,,SPINS PowerTabs Neolea Data Ending 06-15-25.xlsb
NEOLEA,ARISTON,2025-06-15,2025-06-01,,,,,2501.4,76823.26,,,,,,,SPINS PowerTabs Neolea Data Ending 06-15-25.xlsb
NEOLEA,BARENGO,2025-06-15,2025-06-01,,,,,377.6,92044.98,,,,,,,SPINS PowerTabs Neolea Data Ending 06-15-25.xlsb
NEOLEA,BARIANI,2025-06-15,2025-06-01,,,,,965.6,144197.1,,,,,,,SPINS PowerTabs Neolea Data Ending 06-15-25.xlsb
NEOLEA,BARTENURA,2025-06-15,2025-06-01,,,,,943.0,24557.86,,,,,,,SPINS PowerTabs Neolea Data Ending 06-15-25.xlsb
NEOLEA,BATISTINI FARMS,2025-06-15,2025-06-01,,,,,0.0,0.0,,,,,,,SPINS PowerTabs Neolea Data Ending 06-15-25.xlsb
NEOLEA,BELBERRY ROYAL SELECTION,2025-06-15,2025-06-01,,,,,362.0,217.3,,,,,,,SPINS PowerTabs Neolea Data Ending 06-15-25.xlsb
NEOLEA,BELLADORO,2025-06-15,2025-06-01,,,,,259.0,133.44,,,,,,,SPINS PowerTabs Neolea Data Ending 06-15-25.xlsb
NEOLEA,BELLINO,2025-06-15,2025-06-01,,,,,858.2,39088.24,,,,,,,SPINS PowerTabs Neolea Data Ending 06-15-25.xlsb
NEOLEA,BERTOLLI,2025-06-15,2025-06-01,,,,,1804.2,109959.94,,,,,,,SPINS PowerTabs Neolea Data Ending 06-15-25.xlsb
NEOLEA,BERTOLLI DEOLEO,2025-06-15,2025-06-01,,,,,403.6,7481.82,,,,,,,SPINS PowerTabs Neolea Data Ending 06-15-25.xlsb
NEOLEA,BIONATURAE,2025-06-15,2025-06-01,,,,,5318.0,1103855.62,,,,,,,SPINS PowerTabs Neolea Data Ending 06-15-25.xlsb
NEOLEA,BIORA,2025-06-15,2025-06-01,,,,,480.0,49297.74,,,,,,,SPINS PowerTabs Neolea Data Ending 06-15-25.xlsb
NEOLEA,BONA FURTUNA,2025-06-15,2025-06-01,,,,,444.6,43245.26,,,,,,,SPINS PowerTabs Neolea Data Ending 06-15-25.xlsb
NEOLEA,BONAVITA,2025-06-15,2025-06-01,,,,,0.0,0.0,,,,,,,SPINS PowerTabs Neolea Data Ending 06-15-25.xlsb
NEOLEA,BONAVITA ORGANIC,2025-06-15,2025-06-01,,,,,0.0,0.0,,,,,,,SPINS PowerTabs Neolea Data Ending 06-15-25.xlsb
NEOLEA,BOTTICELLI,2025-06-15,2025-06-01,,,,,1553.2,42976.54,,,,,,,SPINS PowerTabs Neolea Data Ending 06-15-25.xlsb
NEOLEA,BRADS,2025-06-15,2025-06-01,,,,,2950.6,9541.1,,,,,,,SPINS PowerTabs Neolea Data Ending 06-15-25.xlsb
NEOLEA,BRIGHTLAND,2025-06-15,2025-06-01,,,,,690.8,91231.54,,,,,,,SPINS PowerTabs Neolea Data Ending 06-15-25.xlsb
NEOLEA,BRONX LITTLE ITALY,2025-06-15,2025-06-01,,,,,908.8,7517.14,,,,,,,SPINS PowerTabs Neolea Data Ending 06-15-25.xlsb
NEOLEA,Brand,2025-06-15,2025-06-01,,,,,0.0,0.0,,,,,,,SPINS PowerTabs Neolea Data Ending 06-15-25.xlsb
NEOLEA,CADIA,2025-06-15,2025-06-01,,,,,3805.0,260815.74,,,,,,,SPINS PowerTabs Neolea Data Ending 06-15-25.xlsb
NEOLEA,CALIVIRGIN,2025-06-15,2025-06-01,,,,,127.2,826.92,,,,,,,SPINS PowerTabs Neolea Data Ending 06-15-25.xlsb
NEOLEA,CALOLEA,2025-06-15,2025-06-01,,,,,2438.8,21321.34,,,,,,,SPINS PowerTabs Neolea Data Ending 06-15-25.xlsb
NEOLEA,CAPATRITI,2025-06-15,2025-06-01,,,,,0.0,0.0,,,,,,,SPINS PowerTabs Neolea Data Ending 06-15-25.xlsb
NEOLEA,CARANDINI,2025-06-15,2025-06-01,,,,,1247.6,39549.3,,,,,,,SPINS PowerTabs Neolea Data Ending 06-15-25.xlsb
NEOLEA,CARAPELLI,2025-06-15,2025-06-01,,,,,3034.0,33061.24,,,,,,,SPINS PowerTabs Neolea Data Ending 06-15-25.xlsb
NEOLEA,CAROLIVA,2025-06-15,2025-06-01,,,,,340.4,6503.86,,,,,,,SPINS PowerTabs Neolea Data Ending 06-15-25.xlsb
NEOLEA,CASTILLO DE PINAR,2025-06-15,2025-06-01,,,,,1608.0,9026.48,,,,,,,SPINS PowerTabs Neolea Data Ending 06-15-25.xlsb
NEOLEA,CAVALLI,2025-06-15,2025-06-01,,,,,1074.4,17219.68,,,,,,,SPINS PowerTabs Neolea Data Ending 06-15-25.xlsb
NEOLEA,CAVALLI RISERVA NANDO,2025-06-15,2025-06-01,,,,,863.0,106925.78,,,,,,,SPINS PowerTabs Neolea Data Ending 06-15-25.xlsb
NEOLEA,CENTO,2025-06-15,2025-06-01,,,,,1613.8,107900.54,,,,,,,SPINS PowerTabs Neolea Data Ending 06-15-25.xlsb
NEOLEA,CLAUDIO,2025-06-15,2025-06-01,,,,,5356.6,2997.32,,,,,,,SPINS PowerTabs Neolea Data Ending 06-15-25.xlsb
NEOLEA,CLOVER VALLEY,2025-06-15,2025-06-01,,,,,723.2,25190.86,,,,,,,SPINS PowerTabs Neolea Data Ending 06-15-25.xlsb
NEOLEA,COLAVITA,2025-06-15,2025-06-01,,,,,1715.8,1581911.04,,,,,,,SPINS PowerTabs Neolea Data Ending 06-15-25.xlsb
NEOLEA,COMPAGNIA DEL MONTALE,2025-06-15,2025-06-01,,,,,576.2,79083.18,,,,,,,SPINS PowerTabs Neolea Data Ending 06-15-25.xlsb
NEOLEA,COOP ITALIA SOCIETA COOPERATIVA,2025-06-15,2025-06-01,,,,,3388.4,2891.24,,,,,,,SPINS PowerTabs Neolea Data Ending 06-15-25.xlsb
NEOLEA,COPPER HILL,2025-06-15,2025-06-01,,,,,88.6,31.82,,,,,,,SPINS PowerTabs Neolea Data Ending 06-15-25.xlsb
NEOLEA,COURAGEOUS,2025-06-15,2025-06-01,,,,,433.0,6232.18,,,,,,,SPINS PowerTabs Neolea Data Ending 06-15-25.xlsb
NEOLEA,CUCINA & AMORE,2025-06-15,2025-06-01,,,,,1066.4,37664.7,,,,,,,SPINS PowerTabs Neolea Data Ending 06-15-25.xlsb
NEOLEA,CUCINA VIVA,2025-06-15,2025-06-01,,,,,1533.0,293.74,,,,,,,SPINS PowerTabs Neolea Data Ending 06-15-25.xlsb
NEOLEA,CULINARY CIRCLE,2025-06-15,2025-06-01,,,,,0.0,0.0,,,,,,,SPINS PowerTabs Neolea Data Ending 06-15-25.xlsb
NEOLEA,CULINARY TOURS,2025-06-15,2025-06-01,,,,,1966.8,22531.28,,,,,,,SPINS PowerTabs Neolea Data Ending 06-15-25.xlsb
NEOLEA,Category,2025-06-15,2025-06-01,,,,,0.0,0.0,,,,,,,SPINS PowerTabs Neolea Data Ending 06-15-25.xlsb
NEOLEA,Channel,2025-06-15,2025-06-01,,,,,0.0,0.0,,,,,,,SPINS PowerTabs Neolea Data Ending 06-15-25.xlsb
NEOLEA,DAT GOOD,2025-06-15,2025-06-01,,,,,549.6,9545.12,,,,,,,SPINS PowerTabs Neolea Data Ending 06-15-25.xlsb
NEOLEA,DE LA ROSA,2025-06-15,2025-06-01,,,,,0.0,0.0,,,,,,,SPINS PowerTabs Neolea Data Ending 06-15-25.xlsb
NEOLEA,DE MEDICI,2025-06-15,2025-06-01,,,,,509.0,6490.56,,,,,,,SPINS PowerTabs Neolea Data Ending 06-15-25.xlsb
NEOLEA,DE NIGRIS,2025-06-15,2025-06-01,,,,,708.8,427051.2,,,,,,,SPINS PowerTabs Neolea Data Ending 06-15-25.xlsb
NEOLEA,DELALLO,2025-06-15,2025-06-01,,,,,1313.4,35481.02,,,,,,,SPINS PowerTabs Neolea Data Ending 06-15-25.xlsb
NEOLEA,DELLA TERRA,2025-06-15,2025-06-01,,,,,2518.2,21236.44,,,,,,,SPINS PowerTabs Neolea Data Ending 06-15-25.xlsb
NEOLEA,DI BRUNO BROS,2025-06-15,2025-06-01,,,,,1115.6,5875.1,,,,,,,SPINS PowerTabs Neolea Data Ending 06-15-25.xlsb
NEOLEA,DOMENICA,2025-06-15,2025-06-01,,,,,918.8,21256.88,,,,,,,SPINS PowerTabs Neolea Data Ending 06-15-25.xlsb
NEOLEA,DR MERCOLA,2025-06-15,2025-06-01,,,,,397.6,1160.04,,,,,,,SPINS PowerTabs Neolea Data Ending 06-15-25.xlsb
NEOLEA,DRENCH,2025-06-15,2025-06-01,,,,,622.0,104548.98,,,,,,,SPINS PowerTabs Neolea Data Ending 06-15-25.xlsb
NEOLEA,DUE VITTORIE,2025-06-15,2025-06-01,,,,,1126.2,34248.56,,,,,,,SPINS PowerTabs Neolea Data Ending 06-15-25.xlsb
NEOLEA,DUKE OF MODENA,2025-06-15,2025-06-01,,,,,855.2,58842.8,,,,,,,SPINS PowerTabs Neolea Data Ending 06-15-25.xlsb
NEOLEA,ENZO OLIVE OIL COMPANY,2025-06-15,2025-06-01,,,,,2400.2,80618.54,,,,,,,SPINS PowerTabs Neolea Data Ending 06-15-25.xlsb
NEOLEA,EPIPHANY,2025-06-15,2025-06-01,,,,,1045.6,9122.12,,,,,,,SPINS PowerTabs Neolea Data Ending 06-15-25.xlsb
NEOLEA,EPIPHANY PANTRY,2025-06-15,2025-06-01,,,,,2666.6,20877.26,,,,,,,SPINS PowerTabs Neolea Data Ending 06-15-25.xlsb
NEOLEA,ESSENTIAL EVERYDAY,2025-06-15,2025-06-01,,,,,5694.0,441.3,,,,,,,SPINS PowerTabs Neolea Data Ending 06-15-25.xlsb
NEOLEA,EVERYDAY GOURMET,2025-06-15,2025-06-01,,,,,718.6,857.3,,,,,,,SPINS PowerTabs Neolea Data Ending 06-15-25.xlsb
NEOLEA,FATTORIA ESTENSE,2025-06-15,2025-06-01,,,,,743.2,3093.28,,,,,,,SPINS PowerTabs Neolea Data Ending 06-15-25.xlsb
NEOLEA,FERRARA,2025-06-15,2025-06-01,,,,,2129.4,2486.46,,,,,,,SPINS PowerTabs Neolea Data Ending 06-15-25.xlsb
NEOLEA,FIELD DAY,2025-06-15,2025-06-01,,,,,6481.8,439332.92,,,,,,,SPINS PowerTabs Neolea Data Ending 06-15-25.xlsb
NEOLEA,FILIPPO BERIO,2025-06-15,2025-06-01,,,,,1495.8,93670.52,,,,,,,SPINS PowerTabs Neolea Data Ending 06-15-25.xlsb
NEOLEA,FINI,2025-06-15,2025-06-01,,,,,1423.0,930122.3,,,,,,,SPINS PowerTabs Neolea Data Ending 06-15-25.xlsb
NEOLEA,FLORA,2025-06-15,2025-06-01,,,,,877.4,5737.28,,,,,,,SPINS PowerTabs Neolea Data Ending 06-15-25.xlsb
NEOLEA,FOX BROTHERS,2025-06-15,2025-06-01,,,,,1703.4,331.7,,,,,,,SPINS PowerTabs Neolea Data Ending 06-15-25.xlsb
NEOLEA,FRATELLI MANTOVA,2025-06-15,2025-06-01,,,,,272.8,2699.46,,,,,,,SPINS PowerTabs Neolea Data Ending 06-15-25.xlsb
NEOLEA,FRESH THYME MARKET - TOTAL US,2025-06-15,2025-06-01,,,,,1291113.2999999998,12150113.07,,,,,,,SPINS PowerTabs Neolea Data Ending 06-15-25.xlsb
NEOLEA,FULL CIRCLE MARKET,2025-06-15,2025-06-01,,,,,2342.2,60461.64,,,,,,,SPINS PowerTabs Neolea Data Ending 06-15-25.xlsb
NEOLEA,GEMMA,2025-06-15,2025-06-01,,,,,220.6,2719.94,,,,,,,SPINS PowerTabs Neolea Data Ending 06-15-25.xlsb
NEOLEA,GIANNI CALOGIURI,2025-06-15,2025-06-01,,,,,1338.4,28226.92,,,,,,,SPINS PowerTabs Neolea Data Ending 06-15-25.xlsb
NEOLEA,GINO TOSCHI,2025-06-15,2025-06-01,,,,,386.2,3259.44,,,,,,,SPINS PowerTabs Neolea Data Ending 06-15-25.xlsb
NEOLEA,GIOVANNA PAVAROTTI,2025-06-15,2025-06-01,,,,,1510.6,439417.22,,,,,,,SPINS PowerTabs Neolea Data Ending 06-15-25.xlsb
NEOLEA,GIUSEPPE GIUSTI,2025-06-15,2025-06-01,,,,,907.0,317307.36,,,,,,,SPINS PowerTabs Neolea Data Ending 06-15-25.xlsb
NEOLEA,GLASSY,2025-06-15,2025-06-01,,,,,0.0,0.0,,,,,,,SPINS PowerTabs Neolea Data Ending 06-15-25.xlsb
NEOLEA,GODA,2025-06-15,2025-06-01,,,,,7948.4,36126.04,,,,,,,SPINS PowerTabs Neolea Data Ending 06-15-25.xlsb
NEOLEA,GOOD FOOD HOLDINGS - TOTAL US CA,2025-06-15,2025-06-01,,,,,783281.2,10757829.709999999,,,,,,,SPINS PowerTabs Neolea Data Ending 06-15-25.xlsb
NEOLEA,GOYA,2025-06-15,2025-06-01,,,,,659.2,532.7,,,,,,,SPINS PowerTabs Neolea Data Ending 06-15-25.xlsb
NEOLEA,GUERZONI,2025-06-15,2025-06-01,,,,,1973.6,22347.08,,,,,,,SPINS PowerTabs Neolea Data Ending 06-15-25.xlsb
NEOLEA,GUISEPPE GIUSTI,2025-06-15,2025-06-01,,,,,141.0,1044.12,,,,,,,SPINS PowerTabs Neolea Data Ending 06-15-25.xlsb
NEOLEA,Geography,2025-06-15,2025-06-01,,,,,0.0,0.0,,,,,,,SPINS PowerTabs Neolea Data Ending 06-15-25.xlsb
NEOLEA,HADDAR,2025-06-15,2025-06-01,,,,,368.2,185.12,,,,,,,SPINS PowerTabs Neolea Data Ending 06-15-25.xlsb
NEOLEA,HOLLAND HOUSE,2025-06-15,2025-06-01,,,,,0.0,0.0,,,,,,,SPINS PowerTabs Neolea Data Ending 06-15-25.xlsb
NEOLEA,HOLLOW TREE HONEY,2025-06-15,2025-06-01,,,,,749.4,31581.9,,,,,,,SPINS PowerTabs Neolea Data Ending 06-15-25.xlsb
NEOLEA,I SOLAI DI SAN GIORGIO,2025-06-15,2025-06-01,,,,,1749.6,7861.78,,,,,,,SPINS PowerTabs Neolea Data Ending 06-15-25.xlsb
NEOLEA,IL BOSCHETTO,2025-06-15,2025-06-01,,,,,420.8,6856.78,,,,,,,SPINS PowerTabs Neolea Data Ending 06-15-25.xlsb
NEOLEA,INFRA - TOTAL US,2025-06-15,2025-06-01,,,,,3762432.6999999997,45548799.72,58.65,1233.665387894288,,,,,SPINS PowerTabs Neolea Data Ending 06-15-25.xlsb
NEOLEA,INVECCHIATO,2025-06-15,2025-06-01,,,,,500.8,1701.7,,,,,,,SPINS PowerTabs Neolea Data Ending 06-15-25.xlsb
NEOLEA,ISOLA,2025-06-15,2025-06-01,,,,,1198.6,10249.82,,,,,,,SPINS PowerTabs Neolea Data Ending 06-15-25.xlsb
NEOLEA,ISOLA ORGANIC,2025-06-15,2025-06-01,,,,,1616.2,8515.86,,,,,,,SPINS PowerTabs Neolea Data Ending 06-15-25.xlsb
NEOLEA,KEDEM,2025-06-15,2025-06-01,,,,,699.0,3944.46,,,,,,,SPINS PowerTabs Neolea Data Ending 06-15-25.xlsb
NEOLEA,KIMBERLY,2025-06-15,2025-06-01,,,,,925.0,5365.88,,,,,,,SPINS PowerTabs Neolea Data Ending 06-15-25.xlsb
NEOLEA,KINGS FOOD MARKETS - TOTAL US,2025-06-15,2025-06-01,,,,,526381.2,6580832.100000001,54.0,187.4576923076923,,,,,SPINS PowerTabs Neolea Data Ending 06-15-25.xlsb
NEOLEA,L ARETINO,2025-06-15,2025-06-01,,,,,447.4,89.38,,,,,,,SPINS PowerTabs Neolea Data Ending 06-15-25.xlsb
NEOLEA,LA SQUISITA,2025-06-15,2025-06-01,,,,,591.6,330.84,,,,,,,SPINS PowerTabs Neolea Data Ending 06-15-25.xlsb
NEOLEA,LA TOURANGELLE,2025-06-15,2025-06-01,,,,,0.0,0.0,,,,,,,SPINS PowerTabs Neolea Data Ending 06-15-25.xlsb
NEOLEA,LA VECCHIA,2025-06-15,2025-06-01,,,,,662.0,85401.26,,,,,,,SPINS PowerTabs Neolea Data Ending 06-15-25.xlsb
NEOLEA,LEONARDI,2025-06-15,2025-06-01,,,,,739.6,148133.62,,,,,,,SPINS PowerTabs Neolea Data Ending 06-15-25.xlsb
NEOLEA,LODOVICO CAMPARI,2025-06-15,2025-06-01,,,,,0.0,0.0,,,,,,,SPINS PowerTabs Neolea Data Ending 06-15-25.xlsb
NEOLEA,LORENZA DE MEDICI,2025-06-15,2025-06-01,,,,,47.6,105.42,,,,,,,SPINS PowerTabs Neolea Data Ending 06-15-25.xlsb
NEOLEA,LUCINI ITALIA,2025-06-15,2025-06-01,,,,,1657.0,1584571.38,,,,,,,SPINS PowerTabs Neolea Data Ending 06-15-25.xlsb
NEOLEA,MADE WITH,2025-06-15,2025-06-01,,,,,3125.0,40358.38,,,,,,,SPINS PowerTabs Neolea Data Ending 06-15-25.xlsb
NEOLEA,MADHAVA,2025-06-15,2025-06-01,,,,,2259.4,173965.32,,,,,,,SPINS PowerTabs Neolea Data Ending 06-15-25.xlsb
NEOLEA,MALETTI REGNANI,2025-06-15,2025-06-01,,,,,2190.6,56785.7,,,,,,,SPINS PowerTabs Neolea Data Ending 06-15-25.xlsb
NEOLEA,MANICARDI,2025-06-15,2025-06-01,,,,,629.4,24074.18,,,,,,,SPINS PowerTabs Neolea Data Ending 06-15-25.xlsb
NEOLEA,MANNYS,2025-06-15,2025-06-01,,,,,1498.8,4228.48,,,,,,,SPINS PowerTabs Neolea Data Ending 06-15-25.xlsb
NEOLEA,MANTOVA,2025-06-15,2025-06-01,,,,,706.4,15470.98,,,,,,,SPINS PowerTabs Neolea Data Ending 06-15-25.xlsb
NEOLEA,MAPLE GROVE FARMS,2025-06-15,2025-06-01,,,,,2686.8,16151.86,,,,,,,SPINS PowerTabs Neolea Data Ending 06-15-25.xlsb
NEOLEA,MARDONA,2025-06-15,2025-06-01,,,,,1413.2,6770.88,,,,,,,SPINS PowerTabs Neolea Data Ending 06-15-25.xlsb
NEOLEA,MASSERIE DI SANTERAMO,2025-06-15,2025-06-01,,,,,1020.2,55201.02,,,,,,,SPINS PowerTabs Neolea Data Ending 06-15-25.xlsb
NEOLEA,MAVRAS GREEK OIL,2025-06-15,2025-06-01,,,,,796.4,15906.64,,,,,,,SPINS PowerTabs Neolea Data Ending 06-15-25.xlsb
NEOLEA,MAZZETTI,2025-06-15,2025-06-01,,,,,1095.2,115170.96,,,,,,,SPINS PowerTabs Neolea Data Ending 06-15-25.xlsb
NEOLEA,MEDITERRANEAN ORGANIC,2025-06-15,2025-06-01,,,,,286.8,429.26,,,,,,,SPINS PowerTabs Neolea Data Ending 06-15-25.xlsb
NEOLEA,MIABELLA,2025-06-15,2025-06-01,,,,,868.0,294.84,,,,,,,SPINS PowerTabs Neolea Data Ending 06-15-25.xlsb
NEOLEA,MODENACETI,2025-06-15,2025-06-01,,,,,1654.8,370276.9,,,,,,,SPINS PowerTabs Neolea Data Ending 06-15-25.xlsb
NEOLEA,MONARI FEDERZONI,2025-06-15,2025-06-01,,,,,1788.8,1659289.38,,,,,,,SPINS PowerTabs Neolea Data Ending 06-15-25.xlsb
NEOLEA,MONINI,2025-06-15,2025-06-01,,,,,237.8,2002.3,,,,,,,SPINS PowerTabs Neolea Data Ending 06-15-25.xlsb
NEOLEA,MONTE POLLINO,2025-06-15,2025-06-01,,,,,614.2,12485.54,,,,,,,SPINS PowerTabs Neolea Data Ending 06-15-25.xlsb
NEOLEA,MOTHERS MARKET - TOTAL US,2025-06-15,2025-06-01,,,,,137692.5,1856473.4800000002,32.712,80.94682967436084,,,,,SPINS PowerTabs Neolea Data Ending 06-15-25.xlsb
NEOLEA,MOUNTAINEER BRAND,2025-06-15,2025-06-01,,,,,0.0,0.0,,,,,,,SPINS PowerTabs Neolea Data Ending 06-15-25.xlsb
NEOLEA,MUSSINI,2025-06-15,2025-06-01,,,,,295.6,165.34,,,,,,,SPINS PowerTabs Neolea Data Ending 06-15-25.xlsb
NEOLEA,NAPA VALLEY NATURALS,2025-06-15,2025-06-01,,,,,3426.6,2674895.7,,,,,,,SPINS PowerTabs Neolea Data Ending 06-15-25.xlsb
NEOLEA,NAPOLEON,2025-06-15,2025-06-01,,,,,2279.0,362514.26,,,,,,,SPINS PowerTabs Neolea Data Ending 06-15-25.xlsb
NEOLEA,NAPOLI,2025-06-15,2025-06-01,,,,,2643.2,799.14,,,,,,,SPINS PowerTabs Neolea Data Ending 06-15-25.xlsb
NEOLEA,NEOLEA,2025-06-15,2025-06-01,,,,,701.0,78850.32,,,,,,,SPINS PowerTabs Neolea Data Ending 06-15-25.xlsb
NEOLEA,NEWMANS OWN ORGANICS,2025-06-15,2025-06-01,,,,,0.0,0.0,,,,,,,SPINS PowerTabs Neolea Data Ending 06-15-25.xlsb
NEOLEA,NO BRAND,2025-06-15,2025-06-01,,,,,2524.6,687.4,,,,,,,SPINS PowerTabs Neolea Data Ending 06-15-25.xlsb
NEOLEA,NOBRAND,2025-06-15,2025-06-01,,,,,3126.2,66727.48,,,,,,,SPINS PowerTabs Neolea Data Ending 06-15-25.xlsb
NEOLEA,NONNA PIA,2025-06-15,2025-06-01,,,,,2591.0,826981.54,,,,,,,SPINS PowerTabs Neolea Data Ending 06-15-25.xlsb
NEOLEA,O OLIVE OIL & VINEGAR,2025-06-15,2025-06-01,,,,,1324.8,829693.32,,,,,,,SPINS PowerTabs Neolea Data Ending 06-15-25.xlsb
NEOLEA,OILS OF PAICINES,2025-06-15,2025-06-01,,,,,1068.2,5924.56,,,,,,,SPINS PowerTabs Neolea Data Ending 06-15-25.xlsb
NEOLEA,OJAI OLIVE OIL COMPANY,2025-06-15,2025-06-01,,,,,565.2,4731.66,,,,,,,SPINS PowerTabs Neolea Data Ending 06-15-25.xlsb
NEOLEA,OLDE CAPE COD,2025-06-15,2025-06-01,,,,,97.4,6.38,,,,,,,SPINS PowerTabs Neolea Data Ending 06-15-25.xlsb
NEOLEA,OLIO BEATO,2025-06-15,2025-06-01,,,,,1035.6,8382.36,,,,,,,SPINS PowerTabs Neolea Data Ending 06-15-25.xlsb
NEOLEA,OLIVERS,2025-06-15,2025-06-01,,,,,5384.4,44791.86,,,,,,,SPINS PowerTabs Neolea Data Ending 06-15-25.xlsb
NEOLEA,ORTALLI,2025-06-15,2025-06-01,,,,,1227.0,82943.06,,,,,,,SPINS PowerTabs Neolea Data Ending 06-15-25.xlsb
NEOLEA,PAMPA,2025-06-15,2025-06-01,,,,,1063.4,62.38,,,,,,,SPINS PowerTabs Neolea Data Ending 06-15-25.xlsb
NEOLEA,PASTENE,2025-06-15,2025-06-01,,,,,1018.0,3897.46,,,,,,,SPINS PowerTabs Neolea Data Ending 06-15-25.xlsb
NEOLEA,POMPEIAN,2025-06-15,2025-06-01,,,,,1397.4,134022.74,,,,,,,SPINS PowerTabs Neolea Data Ending 06-15-25.xlsb
NEOLEA,POMPEIAN ORGANIC,2025-06-15,2025-06-01,,,,,340.4,1447.84,,,,,,,SPINS PowerTabs Neolea Data Ending 06-15-25.xlsb
NEOLEA,PONTI,2025-06-15,2025-06-01,,,,,814.4,85700.68,,,,,,,SPINS PowerTabs Neolea Data Ending 06-15-25.xlsb
NEOLEA,PRIMAL KITCHEN,2025-06-15,2025-06-01,,,,,1324.4,352654.04,,,,,,,SPINS PowerTabs Neolea Data Ending 06-15-25.xlsb
NEOLEA,PRIVATE LABEL,2025-06-15,2025-06-01,,,,,3440.6,2751655.86,,,,,,,SPINS PowerTabs Neolea Data Ending 06-15-25.xlsb
NEOLEA,PRIVATE LABEL ORGANIC,2025-06-15,2025-06-01,,,,,6577.2,1450233.62,,,,,,,SPINS PowerTabs Neolea Data Ending 06-15-25.xlsb
NEOLEA,PUBLIX CORP - RMA,2025-06-15,2025-06-01,,,,,96620782.1,666932084.9,,,,,,,SPINS PowerTabs Neolea Data Ending 06-15-25.xlsb
NEOLEA,Product Level,2025-06-15,2025-06-01,,,,,0.0,0.0,,,,,,,SPINS PowerTabs Neolea Data Ending 06-15-25.xlsb
NEOLEA,Product Universe,2025-06-15,2025-06-01,,,,,0.0,0.0,,,,,,,SPINS PowerTabs Neolea Data Ending 06-15-25.xlsb
NEOLEA,QUEEN CREEK OLIVE MILL,2025-06-15,2025-06-01,,,,,1672.8,76881.0,,,,,,,SPINS PowerTabs Neolea Data Ending 06-15-25.xlsb
NEOLEA,RACCONTO,2025-06-15,2025-06-01,,,,,0.0,0.0,,,,,,,SPINS PowerTabs Neolea Data Ending 06-15-25.xlsb
NEOLEA,RACHAEL RAY,2025-06-15,2025-06-01,,,,,0.0,0.0,,,,,,,SPINS PowerTabs Neolea Data Ending 06-15-25.xlsb
NEOLEA,RE MODENA,2025-06-15,2025-06-01,,,,,390.8,9713.06,,,,,,,SPINS PowerTabs Neolea Data Ending 06-15-25.xlsb
NEOLEA,REGALIS,2025-06-15,2025-06-01,,,,,458.8,14106.42,,,,,,,SPINS PowerTabs Neolea Data Ending 06-15-25.xlsb
NEOLEA,RIENZI,2025-06-15,2025-06-01,,,,,1458.4,6656.18,,,,,,,SPINS PowerTabs Neolea Data Ending 06-15-25.xlsb
NEOLEA,RIO BRIATI,2025-06-15,2025-06-01,,,,,1335.2,12352.7,,,,,,,SPINS PowerTabs Neolea Data Ending 06-15-25.xlsb
NEOLEA,RITROVO SELECTIONS,2025-06-15,2025-06-01,,,,,1400.0,566570.84,,,,,,,SPINS PowerTabs Neolea Data Ending 06-15-25.xlsb
NEOLEA,ROLAND,2025-06-15,2025-06-01,,,,,1321.0,47237.36,,,,,,,SPINS PowerTabs Neolea Data Ending 06-15-25.xlsb
NEOLEA,ROLAND ORGANIC,2025-06-15,2025-06-01,,,,,371.0,373.7,,,,,,,SPINS PowerTabs Neolea Data Ending 06-15-25.xlsb
NEOLEA,RUSSO TIESI,2025-06-15,2025-06-01,,,,,0.0,0.0,,,,,,,SPINS PowerTabs Neolea Data Ending 06-15-25.xlsb
NEOLEA,RUSTICHELLA,2025-06-15,2025-06-01,,,,,638.2,57300.74,,,,,,,SPINS PowerTabs Neolea Data Ending 06-15-25.xlsb
NEOLEA,Row Labels,2025-06-15,2025-06-01,,,,,0.0,0.0,,,,,,,SPINS PowerTabs Neolea Data Ending 06-15-25.xlsb
NEOLEA,SADAF,2025-06-15,2025-06-01,,,,,362.0,68.72,,,,,,,SPINS PowerTabs Neolea Data Ending 06-15-25.xlsb
NEOLEA,SAN GIULIANO,2025-06-15,2025-06-01,,,,,1785.4,41028.28,,,,,,,SPINS PowerTabs Neolea Data Ending 06-15-25.xlsb
NEOLEA,SAN REMO,2025-06-15,2025-06-01,,,,,1845.2,242413.2,,,,,,,SPINS PowerTabs Neolea Data Ending 06-15-25.xlsb
NEOLEA,SANEDAS KITCHEN,2025-06-15,2025-06-01,,,,,7152.8,5469.78,,,,,,,SPINS PowerTabs Neolea Data Ending 06-15-25.xlsb
NEOLEA,SARATOGA OLIVE OIL,2025-06-15,2025-06-01,,,,,3035.4,33991.42,,,,,,,SPINS PowerTabs Neolea Data Ending 06-15-25.xlsb
NEOLEA,SAVE MART CORP - RMA,2025-06-15,2025-06-01,,,,,6555419.0,51311878.75,19.982000000000003,6308.96556901211,,,,,SPINS PowerTabs Neolea Data Ending 06-15-25.xlsb
NEOLEA,SCIABICA,2025-06-15,2025-06-01,,,,,2421.6,100101.9,,,,,,,SPINS PowerTabs Neolea Data Ending 06-15-25.xlsb
NEOLEA,SCLAFANI,2025-06-15,2025-06-01,,,,,1848.4,3523.82,,,,,,,SPINS PowerTabs Neolea Data Ending 06-15-25.xlsb
NEOLEA,SEGGIANO,2025-06-15,2025-06-01,,,,,1582.6,62621.92,,,,,,,SPINS PowerTabs Neolea Data Ending 06-15-25.xlsb
NEOLEA,SEKA HILLS,2025-06-15,2025-06-01,,,,,487.0,13487.92,,,,,,,SPINS PowerTabs Neolea Data Ending 06-15-25.xlsb
NEOLEA,SELEZIONE PONDINI,2025-06-15,2025-06-01,,,,,4577.2,124832.96,,,,,,,SPINS PowerTabs Neolea Data Ending 06-15-25.xlsb
NEOLEA,SEVEN FARMS,2025-06-15,2025-06-01,,,,,254.4,304.78,,,,,,,SPINS PowerTabs Neolea Data Ending 06-15-25.xlsb
NEOLEA,SOLSPRING,2025-06-15,2025-06-01,,,,,240.6,26045.86,,,,,,,SPINS PowerTabs Neolea Data Ending 06-15-25.xlsb
NEOLEA,SONOMA FARM,2025-06-15,2025-06-01,,,,,0.0,0.0,,,,,,,SPINS PowerTabs Neolea Data Ending 06-15-25.xlsb
NEOLEA,SONOMA HARVEST,2025-06-15,2025-06-01,,,,,2127.0,4581.5,,,,,,,SPINS PowerTabs Neolea Data Ending 06-15-25.xlsb
NEOLEA,SOPHIA,2025-06-15,2025-06-01,,,,,986.6,976.94,,,,,,,SPINS PowerTabs Neolea Data Ending 06-15-25.xlsb
NEOLEA,SPARROW LANE,2025-06-15,2025-06-01,,,,,681.0,5388.66,,,,,,,SPINS PowerTabs Neolea Data Ending 06-15-25.xlsb
NEOLEA,SPECTRUM NATURALS,2025-06-15,2025-06-01,,,,,988.0,43225.0,,,,,,,SPINS PowerTabs Neolea Data Ending 06-15-25.xlsb
NEOLEA,SS CULINARY OIL CANOLA,2025-06-15,2025-06-01,,,,,30034071.9,329417305.96,,,,,,,SPINS PowerTabs Neolea Data Ending 06-15-25.xlsb
NEOLEA,SS CULINARY OIL FLAVORED & SPECIALTY,2025-06-15,2025-06-01,,,,,0.0,0.0,,,,,,,SPINS PowerTabs Neolea Data Ending 06-15-25.xlsb
NEOLEA,SS CULINARY OIL OLIVE,2025-06-15,2025-06-01,,,,,0.0,0.0,,,,,,,SPINS PowerTabs Neolea Data Ending 06-15-25.xlsb
NEOLEA,SS CULINARY OIL SPRAY & MIST,2025-06-15,2025-06-01,,,,,0.0,0.0,,,,,,,SPINS PowerTabs Neolea Data Ending 06-15-25.xlsb
NEOLEA,SS CULINARY OIL VEGETABLE & OTHER,2025-06-15,2025-06-01,,,,,0.0,0.0,,,,,,,SPINS PowerTabs Neolea Data Ending 06-15-25.xlsb
NEOLEA,SS VINEGARS BALSAMIC,2025-06-15,2025-06-01,,,,,0.0,0.0,,,,,,,SPINS PowerTabs Neolea Data Ending 06-15-25.xlsb
NEOLEA,SS VINEGARS NON BALSAMIC,2025-06-15,2025-06-01,,,,,0.0,0.0,,,,,,,SPINS PowerTabs Neolea Data Ending 06-15-25.xlsb
NEOLEA,STAR,2025-06-15,2025-06-01,,,,,1632.8,133078.12,,,,,,,SPINS PowerTabs Neolea Data Ending 06-15-25.xlsb
NEOLEA,STICKY BALSAMIC,2025-06-15,2025-06-01,,,,,462.2,16407.04,,,,,,,SPINS PowerTabs Neolea Data Ending 06-15-25.xlsb
NEOLEA,STONEWALL KITCHEN,2025-06-15,2025-06-01,,,,,949.2,45102.14,,,,,,,SPINS PowerTabs Neolea Data Ending 06-15-25.xlsb
NEOLEA,SUTTER BUTTES,2025-06-15,2025-06-01,,,,,1425.2,6796.22,,,,,,,SPINS PowerTabs Neolea Data Ending 06-15-25.xlsb
NEOLEA,Subcategory,2025-06-15,2025-06-01,,,,,0.0,0.0,,,,,,,SPINS PowerTabs Neolea Data Ending 06-15-25.xlsb
NEOLEA,TASSOS,2025-06-15,2025-06-01,,,,,394.2,2221.42,,,,,,,SPINS PowerTabs Neolea Data Ending 06-15-25.xlsb
NEOLEA,TERRA MEDI,2025-06-15,2025-06-01,,,,,372.6,2714.46,,,,,,,SPINS PowerTabs Neolea Data Ending 06-15-25.xlsb
NEOLEA,TEXAS OLIVE RANCH,2025-06-15,2025-06-01,,,,,2281.8,6934.04,,,,,,,SPINS PowerTabs Neolea Data Ending 06-15-25.xlsb
NEOLEA,THE FRESH MARKET - TOTAL US,2025-06-15,2025-06-01,,,,,2282137.5,29112625.92,515.052,85.20937617053156,,,,,SPINS PowerTabs Neolea Data Ending 06-15-25.xlsb
NEOLEA,THE TRENTASETTE COLLECTION,2025-06-15,2025-06-01,,,,,476.2,21384.76,,,,,,,SPINS PowerTabs Neolea Data Ending 06-15-25.xlsb
NEOLEA,TOUCAN,2025-06-15,2025-06-01,,,,,703.6,32489.02,,,,,,,SPINS PowerTabs Neolea Data Ending 06-15-25.xlsb
NEOLEA,TUSCANINI,2025-06-15,2025-06-01,,,,,350.6,1861.96,,,,,,,SPINS PowerTabs Neolea Data Ending 06-15-25.xlsb
NEOLEA,Time Period End Date,2025-06-15,2025-06-01,,,,,0.0,0.0,,,,,,,SPINS PowerTabs Neolea Data Ending 06-15-25.xlsb
NEOLEA,URBANI,2025-06-15,2025-06-01,,,,,65.8,394.96,,,,,,,SPINS PowerTabs Neolea Data Ending 06-15-25.xlsb
NEOLEA,VANTIA,2025-06-15,2025-06-01,,,,,645.0,49096.56,,,,,,,SPINS PowerTabs Neolea Data Ending 06-15-25.xlsb
NEOLEA,VILLA MANODORI,2025-06-15,2025-06-01,,,,,828.8,368827.14,,,,,,,SPINS PowerTabs Neolea Data Ending 06-15-25.xlsb
NEOLEA,VILLA MANODORI ESSENZIALE,2025-06-15,2025-06-01,,,,,90.6,778.8,,,,,,,SPINS PowerTabs Neolea Data Ending 06-15-25.xlsb
NEOLEA,VILLAGE BATCH,2025-06-15,2025-06-01,,,,,790.6,658.12,,,,,,,SPINS PowerTabs Neolea Data Ending 06-15-25.xlsb
NEOLEA,VINCOTTO,2025-06-15,2025-06-01,,,,,0.0,0.0,,,,,,,SPINS PowerTabs Neolea Data Ending 06-15-25.xlsb
NEOLEA,VITA ORGANIC,2025-06-15,2025-06-01,,,,,1188.0,1688.58,,,,,,,SPINS PowerTabs Neolea Data Ending 06-15-25.xlsb
NEOLEA,WILD HARVEST,2025-06-15,2025-06-01,,,,,500.6,5030.84,,,,,,,SPINS PowerTabs Neolea Data Ending 06-15-25.xlsb
NEOLEA,WOZZ KITCHEN CREATIONS,2025-06-15,2025-06-01,,,,,691.4,4050.74,,,,,,,SPINS PowerTabs Neolea Data Ending 06-15-25.xlsb
NEOLEA,YTD,2025-06-15,2025-06-01,,,,,0.0,0.0,,,,,,,SPINS PowerTabs Neolea Data Ending 06-15-25.xlsb
NEOLEA,ZACK BRUELL,2025-06-15,2025-06-01,,,,,2945.0,62327.1,,,,,,,SPINS PowerTabs Neolea Data Ending 06-15-25.xlsb
NEOLEA,nan,2025-06-15,2025-06-01,,,,,0.0,0.0,,,,,,,SPINS PowerTabs Neolea Data Ending 06-15-25.xlsb
NEOLEA,12 Weeks,2025-07-13,2025-07-01,,,,,0.0,0.0,,,,,,,SPINS PowerTabs Neolea Data Ending 07-13-25.xlsb
NEOLEA,24 Weeks,2025-07-13,2025-07-01,,,,,0.0,0.0,,,,,,,SPINS PowerTabs Neolea Data Ending 07-13-25.xlsb
NEOLEA,4 Weeks,2025-07-13,2025-07-01,,,,,0.0,0.0,,,,,,,SPINS PowerTabs Neolea Data Ending 07-13-25.xlsb
NEOLEA,45494,2025-07-13,2025-07-01,,,,,26.9,440.82,,,,,,,SPINS PowerTabs Neolea Data Ending 07-13-25.xlsb
NEOLEA,45501,2025-07-13,2025-07-01,,,,,26.3,423.43,,,,,,,SPINS PowerTabs Neolea Data Ending 07-13-25.xlsb
NEOLEA,45508,2025-07-13,2025-07-01,,,,,32.7,536.76,,,,,,,SPINS PowerTabs Neolea Data Ending 07-13-25.xlsb
NEOLEA,45515,2025-07-13,2025-07-01,,,,,31.2,484.78,,,,,,,SPINS PowerTabs Neolea Data Ending 07-13-25.xlsb
NEOLEA,45522,2025-07-13,2025-07-01,,,,,21.1,342.05,,,,,,,SPINS PowerTabs Neolea Data Ending 07-13-25.xlsb
NEOLEA,45529,2025-07-13,2025-07-01,,,,,30.5,509.02,,,,,,,SPINS PowerTabs Neolea Data Ending 07-13-25.xlsb
NEOLEA,45536,2025-07-13,2025-07-01,,,,,26.5,442.32,,,,,,,SPINS PowerTabs Neolea Data Ending 07-13-25.xlsb
NEOLEA,45543,2025-07-13,2025-07-01,,,,,22.0,348.77,,,,,,,SPINS PowerTabs Neolea Data Ending 07-13-25.xlsb
NEOLEA,45550,2025-07-13,2025-07-01,,,,,20.2,313.15,,,,,,,SPINS PowerTabs Neolea Data Ending 07-13-25.xlsb
NEOLEA,45557,2025-07-13,2025-07-01,,,,,11.7,190.33,,,,,,,SPINS PowerTabs Neolea Data Ending 07-13-25.xlsb
NEOLEA,45564,2025-07-13,2025-07-01,,,,,16.3,253.02,,,,,,,SPINS PowerTabs Neolea Data Ending 07-13-25.xlsb
NEOLEA,45571,2025-07-13,2025-07-01,,,,,22.3,351.57,,,,,,,SPINS PowerTabs Neolea Data Ending 07-13-25.xlsb
NEOLEA,45578,2025-07-13,2025-07-01,,,,,15.9,265.72,,,,,,,SPINS PowerTabs Neolea Data Ending 07-13-25.xlsb
NEOLEA,45585,2025-07-13,2025-07-01,,,,,22.2,365.76,,,,,,,SPINS PowerTabs Neolea Data Ending 07-13-25.xlsb
NEOLEA,45592,2025-07-13,2025-07-01,,,,,25.5,407.02,,,,,,,SPINS PowerTabs Neolea Data Ending 07-13-25.xlsb
NEOLEA,45599,2025-07-13,2025-07-01,,,,,52.4,742.79,,,,,,,SPINS PowerTabs Neolea Data Ending 07-13-25.xlsb
NEOLEA,45606,2025-07-13,2025-07-01,,,,,50.9,732.13,,,,,,,SPINS PowerTabs Neolea Data Ending 07-13-25.xlsb
NEOLEA,45613,2025-07-13,2025-07-01,,,,,42.3,590.36,,,,,,,SPINS PowerTabs Neolea Data Ending 07-13-25.xlsb
NEOLEA,45620,2025-07-13,2025-07-01,,,,,57.7,831.36,,,,,,,SPINS PowerTabs Neolea Data Ending 07-13-25.xlsb
NEOLEA,45627,2025-07-13,2025-07-01,,,,,75.6,1065.03,,,,,,,SPINS PowerTabs Neolea Data Ending 07-13-25.xlsb
NEOLEA,45634,2025-07-13,2025-07-01,,,,,42.9,647.36,,,,,,,SPINS PowerTabs Neolea Data Ending 07-13-25.xlsb
NEOLEA,45641,2025-07-13,2025-07-01,,,,,41.8,640.24,,,,,,,SPINS PowerTabs Neolea Data Ending 07-13-25.xlsb
NEOLEA,45648,2025-07-13,2025-07-01,,,,,105.5,1602.9299999999998,,,,,,,SPINS PowerTabs Neolea Data Ending 07-13-25.xlsb
NEOLEA,45655,2025-07-13,2025-07-01,,,,,56.9,880.43,,,,,,,SPINS PowerTabs Neolea Data Ending 07-13-25.xlsb
NEOLEA,45662,2025-07-13,2025-07-01,,,,,35.9,568.3199999999999,,,,,,,SPINS PowerTabs Neolea Data Ending 07-13-25.xlsb
NEOLEA,45669,2025-07-13,2025-07-01,,,,,53.400000000000006,613.05,,,,,,,SPINS PowerTabs Neolea Data Ending 07-13-25.xlsb
NEOLEA,45676,2025-07-13,2025-07-01,,,,,60.1,934.89,,,,,,,SPINS PowerTabs Neolea Data Ending 07-13-25.xlsb
NEOLEA,45683,2025-07-13,2025-07-01,,,,,62.5,953.3800000000001,,,,,,,SPINS PowerTabs Neolea Data Ending 07-13-25.xlsb
NEOLEA,45690,2025-07-13,2025-07-01,,,,,29.0,467.80999999999995,,,,,,,SPINS PowerTabs Neolea Data Ending 07-13-25.xlsb
NEOLEA,45697,2025-07-13,2025-07-01,,,,,45.5,689.22,,,,,,,SPINS PowerTabs Neolea Data Ending 07-13-25.xlsb
NEOLEA,45704,2025-07-13,2025-07-01,,,,,40.599999999999994,625.05,,,,,,,SPINS PowerTabs Neolea Data Ending 07-13-25.xlsb
NEOLEA,45711,2025-07-13,2025-07-01,,,,,24.6,378.57000000000005,,,,,,,SPINS PowerTabs Neolea Data Ending 07-13-25.xlsb
NEOLEA,45718,2025-07-13,2025-07-01,,,,,49.400000000000006,631.17,,,,,,,SPINS PowerTabs Neolea Data Ending 07-13-25.xlsb
NEOLEA,45725,2025-07-13,2025-07-01,,,,,37.4,507.83000000000004,,,,,,,SPINS PowerTabs Neolea Data Ending 07-13-25.xlsb
NEOLEA,45732,2025-07-13,2025-07-01,,,,,74.4,965.3199999999999,,,,,,,SPINS PowerTabs Neolea Data Ending 07-13-25.xlsb
NEOLEA,45739,2025-07-13,2025-07-01,,,,,115.5,1496.88,,,,,,,SPINS PowerTabs Neolea Data Ending 07-13-25.xlsb
NEOLEA,45746,2025-07-13,2025-07-01,,,,,91.4,1182.65,,,,,,,SPINS PowerTabs Neolea Data Ending 07-13-25.xlsb
NEOLEA,45753,2025-07-13,2025-07-01,,,,,79.9,1105.9,,,,,,,SPINS PowerTabs Neolea Data Ending 07-13-25.xlsb
NEOLEA,45760,2025-07-13,2025-07-01,,,,,69.6,879.4,,,,,,,SPINS PowerTabs Neolea Data Ending 07-13-25.xlsb
NEOLEA,45767,2025-07-13,2025-07-01,,,,,95.0,1223.81,,,,,,,SPINS PowerTabs Neolea Data Ending 07-13-25.xlsb
NEOLEA,45774,2025-07-13,2025-07-01,,,,,111.69999999999999,1484.76,,,,,,,SPINS PowerTabs Neolea Data Ending 07-13-25.xlsb
NEOLEA,45781,2025-07-13,2025-07-01,,,,,63.3,873.1500000000001,,,,,,,SPINS PowerTabs Neolea Data Ending 07-13-25.xlsb
NEOLEA,45788,2025-07-13,2025-07-01,,,,,93.80000000000001,1359.51,,,,,,,SPINS PowerTabs Neolea Data Ending 07-13-25.xlsb
NEOLEA,45795,2025-07-13,2025-07-01,,,,,73.8,1109.2,,,,,,,SPINS PowerTabs Neolea Data Ending 07-13-25.xlsb
NEOLEA,45802,2025-07-13,2025-07-01,,,,,71.0,1062.23,,,,,,,SPINS PowerTabs Neolea Data Ending 07-13-25.xlsb
NEOLEA,45809,2025-07-13,2025-07-01,,,,,100.5,1389.94,,,,,,,SPINS PowerTabs Neolea Data Ending 07-13-25.xlsb
NEOLEA,45816,2025-07-13,2025-07-01,,,,,79.6,1116.3,,,,,,,SPINS PowerTabs Neolea Data Ending 07-13-25.xlsb
NEOLEA,45823,2025-07-13,2025-07-01,,,,,97.6,1319.22,,,,,,,SPINS PowerTabs Neolea Data Ending 07-13-25.xlsb
NEOLEA,45830,2025-07-13,2025-07-01,,,,,102.80000000000001,1348.1399999999999,,,,,,,SPINS PowerTabs Neolea Data Ending 07-13-25.xlsb
NEOLEA,45837,2025-07-13,2025-07-01,,,,,94.6,1341.25,,,,,,,SPINS PowerTabs Neolea Data Ending 07-13-25.xlsb
NEOLEA,45844,2025-07-13,2025-07-01,,,,,108.6,1532.01,,,,,,,SPINS PowerTabs Neolea Data Ending 07-13-25.xlsb
NEOLEA,45851,2025-07-13,2025-07-01,,,,,88.8,1298.83,,,,,,,SPINS PowerTabs Neolea Data Ending 07-13-25.xlsb
NEOLEA,52 Weeks,2025-07-13,2025-07-01,,,,,0.0,0.0,,,,,,,SPINS PowerTabs Neolea Data Ending 07-13-25.xlsb
NEOLEA,AC - ALBERTSONSCO CORP - RMA,2025-07-13,2025-07-01,,,,,93879049.9,734326703.4599999,119.66400000000002,15086.963031745296,,,,,SPINS PowerTabs Neolea Data Ending 07-13-25.xlsb
NEOLEA,ACETAIA BELLEI,2025-07-13,2025-07-01,,,,,1619.2,620950.8,,,,,,,SPINS PowerTabs Neolea Data Ending 07-13-25.xlsb
NEOLEA,ACETAIA LEONARDI,2025-07-13,2025-07-01,,,,,1047.4,18706.74,,,,,,,SPINS PowerTabs Neolea Data Ending 07-13-25.xlsb
NEOLEA,ACETAIA MALPIGHI,2025-07-13,2025-07-01,,,,,47.4,490.02,,,,,,,SPINS PowerTabs Neolea Data Ending 07-13-25.xlsb
NEOLEA,ACETAIA MILLAN,2025-07-13,2025-07-01,,,,,681.2,4358.08,,,,,,,SPINS PowerTabs Neolea Data Ending 07-13-25.xlsb
NEOLEA,ACETAIA SAN GIACAMO,2025-07-13,2025-07-01,,,,,1732.6,8669.68,,,,,,,SPINS PowerTabs Neolea Data Ending 07-13-25.xlsb
NEOLEA,ACETAIA SAN GIACOMO,2025-07-13,2025-07-01,,,,,568.2,6551.24,,,,,,,SPINS PowerTabs Neolea Data Ending 07-13-25.xlsb
NEOLEA,ACETIA CATTANI,2025-07-13,2025-07-01,,,,,2243.4,190889.36,,,,,,,SPINS PowerTabs Neolea Data Ending 07-13-25.xlsb
NEOLEA,ACETUM,2025-07-13,2025-07-01,,,,,76.4,77.44,,,,,,,SPINS PowerTabs Neolea Data Ending 07-13-25.xlsb
NEOLEA,ACID LEAGUE,2025-07-13,2025-07-01,,,,,111.4,500.7,,,,,,,SPINS PowerTabs Neolea Data Ending 07-13-25.xlsb
NEOLEA,ALESSI,2025-07-13,2025-07-01,,,,,2333.6,2622299.66,,,,,,,SPINS PowerTabs Neolea Data Ending 07-13-25.xlsb
NEOLEA,ALIDORO,2025-07-13,2025-07-01,,,,,0.0,0.0,,,,,,,SPINS PowerTabs Neolea Data Ending 07-13-25.xlsb
NEOLEA,ALMAS,2025-07-13,2025-07-01,,,,,1218.4,10046.92,,,,,,,SPINS PowerTabs Neolea Data Ending 07-13-25.xlsb
NEOLEA,ANTICA ITALIA,2025-07-13,2025-07-01,,,,,107.2,73.08,,,,,,,SPINS PowerTabs Neolea Data Ending 07-13-25.xlsb
NEOLEA,APERO,2025-07-13,2025-07-01,,,,,1185.2,61184.54,,,,,,,SPINS PowerTabs Neolea Data Ending 07-13-25.xlsb
NEOLEA,ARISTON,2025-07-13,2025-07-01,,,,,2459.8,75574.84,,,,,,,SPINS PowerTabs Neolea Data Ending 07-13-25.xlsb
NEOLEA,BARENGO,2025-07-13,2025-07-01,,,,,283.0,54921.48,,,,,,,SPINS PowerTabs Neolea Data Ending 07-13-25.xlsb
NEOLEA,BARIANI,2025-07-13,2025-07-01,,,,,929.0,140606.78,,,,,,,SPINS PowerTabs Neolea Data Ending 07-13-25.xlsb
NEOLEA,BARTENURA,2025-07-13,2025-07-01,,,,,924.8,26967.34,,,,,,,SPINS PowerTabs Neolea Data Ending 07-13-25.xlsb
NEOLEA,BATISTINI FARMS,2025-07-13,2025-07-01,,,,,0.0,0.0,,,,,,,SPINS PowerTabs Neolea Data Ending 07-13-25.xlsb
NEOLEA,BELBERRY ROYAL SELECTION,2025-07-13,2025-07-01,,,,,379.0,227.22,,,,,,,SPINS PowerTabs Neolea Data Ending 07-13-25.xlsb
NEOLEA,BELLADORO,2025-07-13,2025-07-01,,,,,241.8,124.74,,,,,,,SPINS PowerTabs Neolea Data Ending 07-13-25.xlsb
NEOLEA,BELLINO,2025-07-13,2025-07-01,,,,,759.0,42750.76,,,,,,,SPINS PowerTabs Neolea Data Ending 07-13-25.xlsb
NEOLEA,BERTOLLI,2025-07-13,2025-07-01,,,,,2016.8,114464.38,,,,,,,SPINS PowerTabs Neolea Data Ending 07-13-25.xlsb
NEOLEA,BERTOLLI DEOLEO,2025-07-13,2025-07-01,,,,,406.4,6727.22,,,,,,,SPINS PowerTabs Neolea Data Ending 07-13-25.xlsb
NEOLEA,BIONATURAE,2025-07-13,2025-07-01,,,,,5057.6,1055445.14,,,,,,,SPINS PowerTabs Neolea Data Ending 07-13-25.xlsb
NEOLEA,BIORA,2025-07-13,2025-07-01,,,,,526.2,52916.62,,,,,,,SPINS PowerTabs Neolea Data Ending 07-13-25.xlsb
NEOLEA,BONA FURTUNA,2025-07-13,2025-07-01,,,,,501.4,45892.56,,,,,,,SPINS PowerTabs Neolea Data Ending 07-13-25.xlsb
NEOLEA,BONAVITA,2025-07-13,2025-07-01,,,,,0.0,0.0,,,,,,,SPINS PowerTabs Neolea Data Ending 07-13-25.xlsb
NEOLEA,BONAVITA ORGANIC,2025-07-13,2025-07-01,,,,,0.0,0.0,,,,,,,SPINS PowerTabs Neolea Data Ending 07-13-25.xlsb
NEOLEA,BOTTICELLI,2025-07-13,2025-07-01,,,,,1617.2,43263.8,,,,,,,SPINS PowerTabs Neolea Data Ending 07-13-25.xlsb
NEOLEA,BRADS,2025-07-13,2025-07-01,,,,,1372.8,10550.62,,,,,,,SPINS PowerTabs Neolea Data Ending 07-13-25.xlsb
NEOLEA,BRIGHTLAND,2025-07-13,2025-07-01,,,,,753.6,100619.14,,,,,,,SPINS PowerTabs Neolea Data Ending 07-13-25.xlsb
NEOLEA,BRONX LITTLE ITALY,2025-07-13,2025-07-01,,,,,819.0,7055.7,,,,,,,SPINS PowerTabs Neolea Data Ending 07-13-25.xlsb
NEOLEA,Brand,2025-07-13,2025-07-01,,,,,0.0,0.0,,,,,,,SPINS PowerTabs Neolea Data Ending 07-13-25.xlsb
NEOLEA,CADIA,2025-07-13,2025-07-01,,,,,4013.4,261812.2,,,,,,,SPINS PowerTabs Neolea Data Ending 07-13-25.xlsb
NEOLEA,CALIVIRGIN,2025-07-13,2025-07-01,,,,,138.2,829.36,,,,,,,SPINS PowerTabs Neolea Data Ending 07-13-25.xlsb
NEOLEA,CALOLEA,2025-07-13,2025-07-01,,,,,2487.8,21078.64,,,,,,,SPINS PowerTabs Neolea Data Ending 07-13-25.xlsb
NEOLEA,CARANDINI,2025-07-13,2025-07-01,,,,,1293.6,40271.62,,,,,,,SPINS PowerTabs Neolea Data Ending 07-13-25.xlsb
NEOLEA,CARAPELLI,2025-07-13,2025-07-01,,,,,3410.4,25943.88,,,,,,,SPINS PowerTabs Neolea Data Ending 07-13-25.xlsb
NEOLEA,CAROLIVA,2025-07-13,2025-07-01,,,,,323.2,5089.62,,,,,,,SPINS PowerTabs Neolea Data Ending 07-13-25.xlsb
NEOLEA,CASTILLO DE PINAR,2025-07-13,2025-07-01,,,,,1786.4,10505.62,,,,,,,SPINS PowerTabs Neolea Data Ending 07-13-25.xlsb
NEOLEA,CAVALLI,2025-07-13,2025-07-01,,,,,1183.2,16878.06,,,,,,,SPINS PowerTabs Neolea Data Ending 07-13-25.xlsb
NEOLEA,CAVALLI RISERVA NANDO,2025-07-13,2025-07-01,,,,,879.6,108136.08,,,,,,,SPINS PowerTabs Neolea Data Ending 07-13-25.xlsb
NEOLEA,CENTO,2025-07-13,2025-07-01,,,,,1380.8,126411.2,,,,,,,SPINS PowerTabs Neolea Data Ending 07-13-25.xlsb
NEOLEA,CLAUDIO,2025-07-13,2025-07-01,,,,,5157.0,2885.82,,,,,,,SPINS PowerTabs Neolea Data Ending 07-13-25.xlsb
NEOLEA,CLOVER VALLEY,2025-07-13,2025-07-01,,,,,807.0,26772.56,,,,,,,SPINS PowerTabs Neolea Data Ending 07-13-25.xlsb
NEOLEA,COLAVITA,2025-07-13,2025-07-01,,,,,1805.8,1682230.26,,,,,,,SPINS PowerTabs Neolea Data Ending 07-13-25.xlsb
NEOLEA,COMPAGNIA DEL MONTALE,2025-07-13,2025-07-01,,,,,575.2,69144.14,,,,,,,SPINS PowerTabs Neolea Data Ending 07-13-25.xlsb
NEOLEA,COOP ITALIA SOCIETA COOPERATIVA,2025-07-13,2025-07-01,,,,,1058.8,3042.26,,,,,,,SPINS PowerTabs Neolea Data Ending 07-13-25.xlsb
NEOLEA,COPPER HILL,2025-07-13,2025-07-01,,,,,0.0,0.0,,,,,,,SPINS PowerTabs Neolea Data Ending 07-13-25.xlsb
NEOLEA,CORA ITALIAN PRODUCTS,2025-07-13,2025-07-01,,,,,257.6,57.84,,,,,,,SPINS PowerTabs Neolea Data Ending 07-13-25.xlsb
NEOLEA,COURAGEOUS,2025-07-13,2025-07-01,,,,,369.4,4678.16,,,,,,,SPINS PowerTabs Neolea Data Ending 07-13-25.xlsb
NEOLEA,CUCINA & AMORE,2025-07-13,2025-07-01,,,,,1065.2,35766.98,,,,,,,SPINS PowerTabs Neolea Data Ending 07-13-25.xlsb
NEOLEA,CUCINA VIVA,2025-07-13,2025-07-01,,,,,1432.6,272.92,,,,,,,SPINS PowerTabs Neolea Data Ending 07-13-25.xlsb
NEOLEA,CULINARY CIRCLE,2025-07-13,2025-07-01,,,,,757.0,600.78,,,,,,,SPINS PowerTabs Neolea Data Ending 07-13-25.xlsb
NEOLEA,CULINARY TOURS,2025-07-13,2025-07-01,,,,,2496.8,26239.0,,,,,,,SPINS PowerTabs Neolea Data Ending 07-13-25.xlsb
NEOLEA,Category,2025-07-13,2025-07-01,,,,,0.0,0.0,,,,,,,SPINS PowerTabs Neolea Data Ending 07-13-25.xlsb
NEOLEA,Channel,2025-07-13,2025-07-01,,,,,0.0,0.0,,,,,,,SPINS PowerTabs Neolea Data Ending 07-13-25.xlsb
NEOLEA,DAT GOOD,2025-07-13,2025-07-01,,,,,544.4,9444.82,,,,,,,SPINS PowerTabs Neolea Data Ending 07-13-25.xlsb
NEOLEA,DE LA ROSA,2025-07-13,2025-07-01,,,,,0.0,0.0,,,,,,,SPINS PowerTabs Neolea Data Ending 07-13-25.xlsb
NEOLEA,DE MEDICI,2025-07-13,2025-07-01,,,,,612.0,7303.06,,,,,,,SPINS PowerTabs Neolea Data Ending 07-13-25.xlsb
NEOLEA,DE NIGRIS,2025-07-13,2025-07-01,,,,,732.6,432185.12,,,,,,,SPINS PowerTabs Neolea Data Ending 07-13-25.xlsb
NEOLEA,DELALLO,2025-07-13,2025-07-01,,,,,1267.6,35193.28,,,,,,,SPINS PowerTabs Neolea Data Ending 07-13-25.xlsb
NEOLEA,DELLA TERRA,2025-07-13,2025-07-01,,,,,1507.4,20948.56,,,,,,,SPINS PowerTabs Neolea Data Ending 07-13-25.xlsb
NEOLEA,DI BRUNO BROS,2025-07-13,2025-07-01,,,,,917.0,6471.38,,,,,,,SPINS PowerTabs Neolea Data Ending 07-13-25.xlsb
NEOLEA,DOMENICA,2025-07-13,2025-07-01,,,,,761.6,24976.12,,,,,,,SPINS PowerTabs Neolea Data Ending 07-13-25.xlsb
NEOLEA,DR MERCOLA,2025-07-13,2025-07-01,,,,,402.6,1080.48,,,,,,,SPINS PowerTabs Neolea Data Ending 07-13-25.xlsb
NEOLEA,DUE VITTORIE,2025-07-13,2025-07-01,,,,,920.6,56912.9,,,,,,,SPINS PowerTabs Neolea Data Ending 07-13-25.xlsb
NEOLEA,DUKE OF MODENA,2025-07-13,2025-07-01,,,,,702.4,72401.6,,,,,,,SPINS PowerTabs Neolea Data Ending 07-13-25.xlsb
NEOLEA,ENZO OLIVE OIL COMPANY,2025-07-13,2025-07-01,,,,,2438.2,80321.88,,,,,,,SPINS PowerTabs Neolea Data Ending 07-13-25.xlsb
NEOLEA,EPIPHANY,2025-07-13,2025-07-01,,,,,838.2,6699.24,,,,,,,SPINS PowerTabs Neolea Data Ending 07-13-25.xlsb
NEOLEA,EPIPHANY PANTRY,2025-07-13,2025-07-01,,,,,2785.8,18216.36,,,,,,,SPINS PowerTabs Neolea Data Ending 07-13-25.xlsb
NEOLEA,ESSENTIAL EVERYDAY,2025-07-13,2025-07-01,,,,,2586.0,1215.54,,,,,,,SPINS PowerTabs Neolea Data Ending 07-13-25.xlsb
NEOLEA,EVERYDAY GOURMET,2025-07-13,2025-07-01,,,,,761.2,836.26,,,,,,,SPINS PowerTabs Neolea Data Ending 07-13-25.xlsb
NEOLEA,FATTORIA ESTENSE,2025-07-13,2025-07-01,,,,,562.6,19494.3,,,,,,,SPINS PowerTabs Neolea Data Ending 07-13-25.xlsb
NEOLEA,FERRARA,2025-07-13,2025-07-01,,,,,2206.2,2477.12,,,,,,,SPINS PowerTabs Neolea Data Ending 07-13-25.xlsb
NEOLEA,FIELD DAY,2025-07-13,2025-07-01,,,,,6359.8,427327.42,,,,,,,SPINS PowerTabs Neolea Data Ending 07-13-25.xlsb
NEOLEA,FILIPPO BERIO,2025-07-13,2025-07-01,,,,,1325.8,107878.32,,,,,,,SPINS PowerTabs Neolea Data Ending 07-13-25.xlsb
NEOLEA,FINI,2025-07-13,2025-07-01,,,,,1456.2,943086.92,,,,,,,SPINS PowerTabs Neolea Data Ending 07-13-25.xlsb
NEOLEA,FLORA,2025-07-13,2025-07-01,,,,,759.8,26794.9,,,,,,,SPINS PowerTabs Neolea Data Ending 07-13-25.xlsb
NEOLEA,FOX BROTHERS,2025-07-13,2025-07-01,,,,,1537.4,299.3,,,,,,,SPINS PowerTabs Neolea Data Ending 07-13-25.xlsb
NEOLEA,FRATELLI MANTOVA,2025-07-13,2025-07-01,,,,,267.2,2419.16,,,,,,,SPINS PowerTabs Neolea Data Ending 07-13-25.xlsb
NEOLEA,FRESH THYME MARKET - TOTAL US,2025-07-13,2025-07-01,,,,,1311595.4,12424661.71,,,,,,,SPINS PowerTabs Neolea Data Ending 07-13-25.xlsb
NEOLEA,FULL CIRCLE MARKET,2025-07-13,2025-07-01,,,,,3661.6,75264.7,,,,,,,SPINS PowerTabs Neolea Data Ending 07-13-25.xlsb
NEOLEA,GEMMA,2025-07-13,2025-07-01,,,,,226.8,2044.82,,,,,,,SPINS PowerTabs Neolea Data Ending 07-13-25.xlsb
NEOLEA,GIA RUSSA,2025-07-13,2025-07-01,,,,,3845.0,4770.5,,,,,,,SPINS PowerTabs Neolea Data Ending 07-13-25.xlsb
NEOLEA,GIANNI CALOGIURI,2025-07-13,2025-07-01,,,,,1238.2,24545.16,,,,,,,SPINS PowerTabs Neolea Data Ending 07-13-25.xlsb
NEOLEA,GINO TOSCHI,2025-07-13,2025-07-01,,,,,494.6,4130.36,,,,,,,SPINS PowerTabs Neolea Data Ending 07-13-25.xlsb
NEOLEA,GIOVANNA PAVAROTTI,2025-07-13,2025-07-01,,,,,1572.0,428730.28,,,,,,,SPINS PowerTabs Neolea Data Ending 07-13-25.xlsb
NEOLEA,GIUSEPPE GIUSTI,2025-07-13,2025-07-01,,,,,883.2,334541.68,,,,,,,SPINS PowerTabs Neolea Data Ending 07-13-25.xlsb
NEOLEA,GLASSY,2025-07-13,2025-07-01,,,,,0.0,0.0,,,,,,,SPINS PowerTabs Neolea Data Ending 07-13-25.xlsb
NEOLEA,GODA,2025-07-13,2025-07-01,,,,,8178.8,32759.76,,,,,,,SPINS PowerTabs Neolea Data Ending 07-13-25.xlsb
NEOLEA,GOOD FOOD HOLDINGS - TOTAL US CA,2025-07-13,2025-07-01,,,,,808623.3999999999,11173856.18,,,,,,,SPINS PowerTabs Neolea Data Ending 07-13-25.xlsb
NEOLEA,GOYA,2025-07-13,2025-07-01,,,,,505.4,699.42,,,,,,,SPINS PowerTabs Neolea Data Ending 07-13-25.xlsb
NEOLEA,GUERZONI,2025-07-13,2025-07-01,,,,,1982.0,28818.78,,,,,,,SPINS PowerTabs Neolea Data Ending 07-13-25.xlsb
NEOLEA,GUISEPPE GIUSTI,2025-07-13,2025-07-01,,,,,111.0,736.48,,,,,,,SPINS PowerTabs Neolea Data Ending 07-13-25.xlsb
NEOLEA,Geography,2025-07-13,2025-07-01,,,,,0.0,0.0,,,,,,,SPINS PowerTabs Neolea Data Ending 07-13-25.xlsb
NEOLEA,HADDAR,2025-07-13,2025-07-01,,,,,404.8,149.06,,,,,,,SPINS PowerTabs Neolea Data Ending 07-13-25.xlsb
NEOLEA,HOLLAND HOUSE,2025-07-13,2025-07-01,,,,,0.0,0.0,,,,,,,SPINS PowerTabs Neolea Data Ending 07-13-25.xlsb
NEOLEA,HOLLOW TREE HONEY,2025-07-13,2025-07-01,,,,,786.6,32237.38,,,,,,,SPINS PowerTabs Neolea Data Ending 07-13-25.xlsb
NEOLEA,I SOLAI DI SAN GIORGIO,2025-07-13,2025-07-01,,,,,1690.8,7429.0,,,,,,,SPINS PowerTabs Neolea Data Ending 07-13-25.xlsb
NEOLEA,IL BOSCHETTO,2025-07-13,2025-07-01,,,,,449.8,6864.0,,,,,,,SPINS PowerTabs Neolea Data Ending 07-13-25.xlsb
NEOLEA,INFRA - TOTAL US,2025-07-13,2025-07-01,,,,,3797027.9,46269263.31,54.188,1347.526524464684,,,,,SPINS PowerTabs Neolea Data Ending 07-13-25.xlsb
NEOLEA,INVECCHIATO,2025-07-13,2025-07-01,,,,,517.0,1669.14,,,,,,,SPINS PowerTabs Neolea Data Ending 07-13-25.xlsb
NEOLEA,ISOLA,2025-07-13,2025-07-01,,,,,1192.6,9242.84,,,,,,,SPINS PowerTabs Neolea Data Ending 07-13-25.xlsb
NEOLEA,ISOLA ORGANIC,2025-07-13,2025-07-01,,,,,1793.0,8249.62,,,,,,,SPINS PowerTabs Neolea Data Ending 07-13-25.xlsb
NEOLEA,KEDEM,2025-07-13,2025-07-01,,,,,663.4,4198.34,,,,,,,SPINS PowerTabs Neolea Data Ending 07-13-25.xlsb
NEOLEA,KIMBERLY,2025-07-13,2025-07-01,,,,,1019.0,5302.0,,,,,,,SPINS PowerTabs Neolea Data Ending 07-13-25.xlsb
NEOLEA,KINGS FOOD MARKETS - TOTAL US,2025-07-13,2025-07-01,,,,,523847.80000000005,6551327.59,50.0,201.4799230769231,,,,,SPINS PowerTabs Neolea Data Ending 07-13-25.xlsb
NEOLEA,L ARETINO,2025-07-13,2025-07-01,,,,,378.0,75.46,,,,,,,SPINS PowerTabs Neolea Data Ending 07-13-25.xlsb
NEOLEA,LA SQUISITA,2025-07-13,2025-07-01,,,,,633.4,265.8,,,,,,,SPINS PowerTabs Neolea Data Ending 07-13-25.xlsb
NEOLEA,LA TOURANGELLE,2025-07-13,2025-07-01,,,,,0.0,0.0,,,,,,,SPINS PowerTabs Neolea Data Ending 07-13-25.xlsb
NEOLEA,LA VECCHIA,2025-07-13,2025-07-01,,,,,706.4,96134.62,,,,,,,SPINS PowerTabs Neolea Data Ending 07-13-25.xlsb
NEOLEA,LEONARDI,2025-07-13,2025-07-01,,,,,740.8,148190.32,,,,,,,SPINS PowerTabs Neolea Data Ending 07-13-25.xlsb
NEOLEA,LODOVICO CAMPARI,2025-07-13,2025-07-01,,,,,141.8,6553.12,,,,,,,SPINS PowerTabs Neolea Data Ending 07-13-25.xlsb
NEOLEA,LORENZA DE MEDICI,2025-07-13,2025-07-01,,,,,49.0,108.64,,,,,,,SPINS PowerTabs Neolea Data Ending 07-13-25.xlsb
NEOLEA,LUCINI ITALIA,2025-07-13,2025-07-01,,,,,1683.0,1602915.2,,,,,,,SPINS PowerTabs Neolea Data Ending 07-13-25.xlsb
NEOLEA,MADE WITH,2025-07-13,2025-07-01,,,,,3171.6,42620.14,,,,,,,SPINS PowerTabs Neolea Data Ending 07-13-25.xlsb
NEOLEA,MADHAVA,2025-07-13,2025-07-01,,,,,2446.4,166945.28,,,,,,,SPINS PowerTabs Neolea Data Ending 07-13-25.xlsb
NEOLEA,MALETTI REGNANI,2025-07-13,2025-07-01,,,,,2030.0,56360.64,,,,,,,SPINS PowerTabs Neolea Data Ending 07-13-25.xlsb
NEOLEA,MANICARDI,2025-07-13,2025-07-01,,,,,664.4,21732.22,,,,,,,SPINS PowerTabs Neolea Data Ending 07-13-25.xlsb
NEOLEA,MANNYS,2025-07-13,2025-07-01,,,,,1160.2,4981.34,,,,,,,SPINS PowerTabs Neolea Data Ending 07-13-25.xlsb
NEOLEA,MANTOVA,2025-07-13,2025-07-01,,,,,709.4,14645.36,,,,,,,SPINS PowerTabs Neolea Data Ending 07-13-25.xlsb
NEOLEA,MAPLE GROVE FARMS,2025-07-13,2025-07-01,,,,,2190.6,17797.22,,,,,,,SPINS PowerTabs Neolea Data Ending 07-13-25.xlsb
NEOLEA,MARDONA,2025-07-13,2025-07-01,,,,,1643.0,7888.7,,,,,,,SPINS PowerTabs Neolea Data Ending 07-13-25.xlsb
NEOLEA,MASSERIE DI SANTERAMO,2025-07-13,2025-07-01,,,,,1110.2,50573.2,,,,,,,SPINS PowerTabs Neolea Data Ending 07-13-25.xlsb
NEOLEA,MAVRAS GREEK OIL,2025-07-13,2025-07-01,,,,,784.2,14548.24,,,,,,,SPINS PowerTabs Neolea Data Ending 07-13-25.xlsb
NEOLEA,MAZZETTI,2025-07-13,2025-07-01,,,,,1069.2,118837.34,,,,,,,SPINS PowerTabs Neolea Data Ending 07-13-25.xlsb
NEOLEA,MEDITERRANEAN ORGANIC,2025-07-13,2025-07-01,,,,,279.0,402.68,,,,,,,SPINS PowerTabs Neolea Data Ending 07-13-25.xlsb
NEOLEA,MIABELLA,2025-07-13,2025-07-01,,,,,882.0,300.12,,,,,,,SPINS PowerTabs Neolea Data Ending 07-13-25.xlsb
NEOLEA,MODENACETI,2025-07-13,2025-07-01,,,,,1665.4,378674.46,,,,,,,SPINS PowerTabs Neolea Data Ending 07-13-25.xlsb
NEOLEA,MONARI FEDERZONI,2025-07-13,2025-07-01,,,,,1810.8,1718543.96,,,,,,,SPINS PowerTabs Neolea Data Ending 07-13-25.xlsb
NEOLEA,MONINI,2025-07-13,2025-07-01,,,,,216.2,1689.82,,,,,,,SPINS PowerTabs Neolea Data Ending 07-13-25.xlsb
NEOLEA,MONTE POLLINO,2025-07-13,2025-07-01,,,,,621.2,13230.56,,,,,,,SPINS PowerTabs Neolea Data Ending 07-13-25.xlsb
NEOLEA,MOTHERS MARKET - TOTAL US,2025-07-13,2025-07-01,,,,,141770.8,1902641.4300000002,29.986000000000004,90.92114781769952,,,,,SPINS PowerTabs Neolea Data Ending 07-13-25.xlsb
NEOLEA,MOUNTAINEER BRAND,2025-07-13,2025-07-01,,,,,0.0,0.0,,,,,,,SPINS PowerTabs Neolea Data Ending 07-13-25.xlsb
NEOLEA,MUSSINI,2025-07-13,2025-07-01,,,,,375.0,209.66,,,,,,,SPINS PowerTabs Neolea Data Ending 07-13-25.xlsb
NEOLEA,NAPA VALLEY NATURALS,2025-07-13,2025-07-01,,,,,3406.0,2671919.44,,,,,,,SPINS PowerTabs Neolea Data Ending 07-13-25.xlsb
NEOLEA,NAPOLEON,2025-07-13,2025-07-01,,,,,2366.6,358061.52,,,,,,,SPINS PowerTabs Neolea Data Ending 07-13-25.xlsb
NEOLEA,NAPOLI,2025-07-13,2025-07-01,,,,,2588.4,604.56,,,,,,,SPINS PowerTabs Neolea Data Ending 07-13-25.xlsb
NEOLEA,NEOLEA,2025-07-13,2025-07-01,,,,,790.4,83729.84,,,,,,,SPINS PowerTabs Neolea Data Ending 07-13-25.xlsb
NEOLEA,NOBRAND,2025-07-13,2025-07-01,,,,,2619.6,59748.78,,,,,,,SPINS PowerTabs Neolea Data Ending 07-13-25.xlsb
NEOLEA,NONNA PIA,2025-07-13,2025-07-01,,,,,2750.2,847329.34,,,,,,,SPINS PowerTabs Neolea Data Ending 07-13-25.xlsb
NEOLEA,O OLIVE OIL & VINEGAR,2025-07-13,2025-07-01,,,,,1322.0,853002.88,,,,,,,SPINS PowerTabs Neolea Data Ending 07-13-25.xlsb
NEOLEA,OILS OF PAICINES,2025-07-13,2025-07-01,,,,,1073.8,5494.46,,,,,,,SPINS PowerTabs Neolea Data Ending 07-13-25.xlsb
NEOLEA,OJAI OLIVE OIL COMPANY,2025-07-13,2025-07-01,,,,,713.6,5402.24,,,,,,,SPINS PowerTabs Neolea Data Ending 07-13-25.xlsb
NEOLEA,OLDE CAPE COD,2025-07-13,2025-07-01,,,,,130.0,5.68,,,,,,,SPINS PowerTabs Neolea Data Ending 07-13-25.xlsb
NEOLEA,OLIO BEATO,2025-07-13,2025-07-01,,,,,1080.0,6860.34,,,,,,,SPINS PowerTabs Neolea Data Ending 07-13-25.xlsb
NEOLEA,OLIVERS,2025-07-13,2025-07-01,,,,,5565.0,44620.68,,,,,,,SPINS PowerTabs Neolea Data Ending 07-13-25.xlsb
NEOLEA,ORTALLI,2025-07-13,2025-07-01,,,,,1407.4,86419.1,,,,,,,SPINS PowerTabs Neolea Data Ending 07-13-25.xlsb
NEOLEA,PAMPA,2025-07-13,2025-07-01,,,,,1049.4,61.6,,,,,,,SPINS PowerTabs Neolea Data Ending 07-13-25.xlsb
NEOLEA,PASTENE,2025-07-13,2025-07-01,,,,,1166.0,4362.8,,,,,,,SPINS PowerTabs Neolea Data Ending 07-13-25.xlsb
NEOLEA,POMPEIAN,2025-07-13,2025-07-01,,,,,1481.4,139428.02,,,,,,,SPINS PowerTabs Neolea Data Ending 07-13-25.xlsb
NEOLEA,POMPEIAN ORGANIC,2025-07-13,2025-07-01,,,,,351.0,2081.38,,,,,,,SPINS PowerTabs Neolea Data Ending 07-13-25.xlsb
NEOLEA,PONTI,2025-07-13,2025-07-01,,,,,818.2,81106.64,,,,,,,SPINS PowerTabs Neolea Data Ending 07-13-25.xlsb
NEOLEA,PRIMAL KITCHEN,2025-07-13,2025-07-01,,,,,1399.4,353823.3,,,,,,,SPINS PowerTabs Neolea Data Ending 07-13-25.xlsb
NEOLEA,PRIVATE LABEL,2025-07-13,2025-07-01,,,,,3571.6,2709200.1,,,,,,,SPINS PowerTabs Neolea Data Ending 07-13-25.xlsb
NEOLEA,PRIVATE LABEL ORGANIC,2025-07-13,2025-07-01,,,,,6639.0,1436883.68,,,,,,,SPINS PowerTabs Neolea Data Ending 07-13-25.xlsb
NEOLEA,PUBLIX CORP - RMA,2025-07-13,2025-07-01,,,,,97235139.2,672074946.0799999,,,,,,,SPINS PowerTabs Neolea Data Ending 07-13-25.xlsb
NEOLEA,Product Level,2025-07-13,2025-07-01,,,,,0.0,0.0,,,,,,,SPINS PowerTabs Neolea Data Ending 07-13-25.xlsb
NEOLEA,Product Universe,2025-07-13,2025-07-01,,,,,0.0,0.0,,,,,,,SPINS PowerTabs Neolea Data Ending 07-13-25.xlsb
NEOLEA,QUEEN CREEK OLIVE MILL,2025-07-13,2025-07-01,,,,,1715.4,74769.6,,,,,,,SPINS PowerTabs Neolea Data Ending 07-13-25.xlsb
NEOLEA,RACCONTO,2025-07-13,2025-07-01,,,,,0.0,0.0,,,,,,,SPINS PowerTabs Neolea Data Ending 07-13-25.xlsb
NEOLEA,RACHAEL RAY,2025-07-13,2025-07-01,,,,,0.0,0.0,,,,,,,SPINS PowerTabs Neolea Data Ending 07-13-25.xlsb
NEOLEA,RE MODENA,2025-07-13,2025-07-01,,,,,458.8,7856.56,,,,,,,SPINS PowerTabs Neolea Data Ending 07-13-25.xlsb
NEOLEA,REGALIS,2025-07-13,2025-07-01,,,,,417.4,11917.38,,,,,,,SPINS PowerTabs Neolea Data Ending 07-13-25.xlsb
NEOLEA,REGINA,2025-07-13,2025-07-01,,,,,13.2,25.44,,,,,,,SPINS PowerTabs Neolea Data Ending 07-13-25.xlsb
NEOLEA,RIENZI,2025-07-13,2025-07-01,,,,,1355.2,7800.66,,,,,,,SPINS PowerTabs Neolea Data Ending 07-13-25.xlsb
NEOLEA,RIO BRIATI,2025-07-13,2025-07-01,,,,,1237.0,12223.44,,,,,,,SPINS PowerTabs Neolea Data Ending 07-13-25.xlsb
NEOLEA,RITROVO SELECTIONS,2025-07-13,2025-07-01,,,,,1389.2,491991.88,,,,,,,SPINS PowerTabs Neolea Data Ending 07-13-25.xlsb
NEOLEA,ROLAND,2025-07-13,2025-07-01,,,,,960.4,51879.3,,,,,,,SPINS PowerTabs Neolea Data Ending 07-13-25.xlsb
NEOLEA,ROLAND ORGANIC,2025-07-13,2025-07-01,,,,,250.8,2105.24,,,,,,,SPINS PowerTabs Neolea Data Ending 07-13-25.xlsb
NEOLEA,ROSA,2025-07-13,2025-07-01,,,,,0.0,0.0,,,,,,,SPINS PowerTabs Neolea Data Ending 07-13-25.xlsb
NEOLEA,RUSSO TIESI,2025-07-13,2025-07-01,,,,,0.0,0.0,,,,,,,SPINS PowerTabs Neolea Data Ending 07-13-25.xlsb
NEOLEA,RUSTICHELLA,2025-07-13,2025-07-01,,,,,647.6,55387.5,,,,,,,SPINS PowerTabs Neolea Data Ending 07-13-25.xlsb
NEOLEA,Row Labels,2025-07-13,2025-07-01,,,,,0.0,0.0,,,,,,,SPINS PowerTabs Neolea Data Ending 07-13-25.xlsb
NEOLEA,SADAF,2025-07-13,2025-07-01,,,,,380.0,72.18,,,,,,,SPINS PowerTabs Neolea Data Ending 07-13-25.xlsb
NEOLEA,SAN GIULIANO,2025-07-13,2025-07-01,,,,,1982.6,40652.16,,,,,,,SPINS PowerTabs Neolea Data Ending 07-13-25.xlsb
NEOLEA,SAN REMO,2025-07-13,2025-07-01,,,,,2003.2,235765.78,,,,,,,SPINS PowerTabs Neolea Data Ending 07-13-25.xlsb
NEOLEA,SANEDAS KITCHEN,2025-07-13,2025-07-01,,,,,6580.8,4545.04,,,,,,,SPINS PowerTabs Neolea Data Ending 07-13-25.xlsb
NEOLEA,SARATOGA OLIVE OIL,2025-07-13,2025-07-01,,,,,3291.2,31545.96,,,,,,,SPINS PowerTabs Neolea Data Ending 07-13-25.xlsb
NEOLEA,SCIABICA,2025-07-13,2025-07-01,,,,,2517.4,99979.04,,,,,,,SPINS PowerTabs Neolea Data Ending 07-13-25.xlsb
NEOLEA,SCLAFANI,2025-07-13,2025-07-01,,,,,1689.2,3282.08,,,,,,,SPINS PowerTabs Neolea Data Ending 07-13-25.xlsb
NEOLEA,SEGGIANO,2025-07-13,2025-07-01,,,,,1597.4,54248.68,,,,,,,SPINS PowerTabs Neolea Data Ending 07-13-25.xlsb
NEOLEA,SEKA HILLS,2025-07-13,2025-07-01,,,,,492.8,13731.12,,,,,,,SPINS PowerTabs Neolea Data Ending 07-13-25.xlsb
NEOLEA,SELEZIONE PONDINI,2025-07-13,2025-07-01,,,,,4394.4,134811.1,,,,,,,SPINS PowerTabs Neolea Data Ending 07-13-25.xlsb
NEOLEA,SEVEN FARMS,2025-07-13,2025-07-01,,,,,129.4,136.42,,,,,,,SPINS PowerTabs Neolea Data Ending 07-13-25.xlsb
NEOLEA,SOLSPRING,2025-07-13,2025-07-01,,,,,229.4,22542.96,,,,,,,SPINS PowerTabs Neolea Data Ending 07-13-25.xlsb
NEOLEA,SONOMA HARVEST,2025-07-13,2025-07-01,,,,,2391.0,4738.36,,,,,,,SPINS PowerTabs Neolea Data Ending 07-13-25.xlsb
NEOLEA,SOPHIA,2025-07-13,2025-07-01,,,,,898.0,753.22,,,,,,,SPINS PowerTabs Neolea Data Ending 07-13-25.xlsb
NEOLEA,SPARROW LANE,2025-07-13,2025-07-01,,,,,762.4,5503.38,,,,,,,SPINS PowerTabs Neolea Data Ending 07-13-25.xlsb
NEOLEA,SPECTRUM NATURALS,2025-07-13,2025-07-01,,,,,1007.4,41827.64,,,,,,,SPINS PowerTabs Neolea Data Ending 07-13-25.xlsb
NEOLEA,SS CULINARY OIL CANOLA,2025-07-13,2025-07-01,,,,,31533074.5,346643297.03,,,,,,,SPINS PowerTabs Neolea Data Ending 07-13-25.xlsb
NEOLEA,SS CULINARY OIL FLAVORED & SPECIALTY,2025-07-13,2025-07-01,,,,,0.0,0.0,,,,,,,SPINS PowerTabs Neolea Data Ending 07-13-25.xlsb
NEOLEA,SS CULINARY OIL OLIVE,2025-07-13,2025-07-01,,,,,0.0,0.0,,,,,,,SPINS PowerTabs Neolea Data Ending 07-13-25.xlsb
NEOLEA,SS CULINARY OIL SPRAY & MIST,2025-07-13,2025-07-01,,,,,0.0,0.0,,,,,,,SPINS PowerTabs Neolea Data Ending 07-13-25.xlsb
NEOLEA,SS CULINARY OIL VEGETABLE & OTHER,2025-07-13,2025-07-01,,,,,0.0,0.0,,,,,,,SPINS PowerTabs Neolea Data Ending 07-13-25.xlsb
NEOLEA,SS VINEGARS BALSAMIC,2025-07-13,2025-07-01,,,,,0.0,0.0,,,,,,,SPINS PowerTabs Neolea Data Ending 07-13-25.xlsb
NEOLEA,SS VINEGARS NON BALSAMIC,2025-07-13,2025-07-01,,,,,0.0,0.0,,,,,,,SPINS PowerTabs Neolea Data Ending 07-13-25.xlsb
NEOLEA,STAR,2025-07-13,2025-07-01,,,,,1757.4,133143.58,,,,,,,SPINS PowerTabs Neolea Data Ending 07-13-25.xlsb
NEOLEA,STICKY BALSAMIC,2025-07-13,2025-07-01,,,,,517.6,15242.7,,,,,,,SPINS PowerTabs Neolea Data Ending 07-13-25.xlsb
NEOLEA,STONEWALL KITCHEN,2025-07-13,2025-07-01,,,,,936.2,48037.06,,,,,,,SPINS PowerTabs Neolea Data Ending 07-13-25.xlsb
NEOLEA,SUN OF ITALY,2025-07-13,2025-07-01,,,,,831.6,165.88,,,,,,,SPINS PowerTabs Neolea Data Ending 07-13-25.xlsb
NEOLEA,SUTTER BUTTES,2025-07-13,2025-07-01,,,,,1594.4,6649.56,,,,,,,SPINS PowerTabs Neolea Data Ending 07-13-25.xlsb
NEOLEA,Subcategory,2025-07-13,2025-07-01,,,,,0.0,0.0,,,,,,,SPINS PowerTabs Neolea Data Ending 07-13-25.xlsb
NEOLEA,TARGET CORP - RMA,2025-07-13,2025-07-01,,,,,46204206.0,288349591.96000004,,,,,,,SPINS PowerTabs Neolea Data Ending 07-13-25.xlsb
NEOLEA,TASSOS,2025-07-13,2025-07-01,,,,,442.0,2296.72,,,,,,,SPINS PowerTabs Neolea Data Ending 07-13-25.xlsb
NEOLEA,TASTO,2025-07-13,2025-07-01,,,,,160.0,2077.66,,,,,,,SPINS PowerTabs Neolea Data Ending 07-13-25.xlsb
NEOLEA,TERRA MEDI,2025-07-13,2025-07-01,,,,,358.6,2863.62,,,,,,,SPINS PowerTabs Neolea Data Ending 07-13-25.xlsb
NEOLEA,TEXAS OLIVE RANCH,2025-07-13,2025-07-01,,,,,2443.0,7680.5,,,,,,,SPINS PowerTabs Neolea Data Ending 07-13-25.xlsb
NEOLEA,THE FRESH MARKET - TOTAL US,2025-07-13,2025-07-01,,,,,2300240.1,29408503.51,515.052,85.88528253159203,,,,,SPINS PowerTabs Neolea Data Ending 07-13-25.xlsb
NEOLEA,THE TRENTASETTE COLLECTION,2025-07-13,2025-07-01,,,,,477.0,16909.18,,,,,,,SPINS PowerTabs Neolea Data Ending 07-13-25.xlsb
NEOLEA,TOUCAN,2025-07-13,2025-07-01,,,,,922.6,51970.9,,,,,,,SPINS PowerTabs Neolea Data Ending 07-13-25.xlsb
NEOLEA,TUSCANINI,2025-07-13,2025-07-01,,,,,425.8,4451.2,,,,,,,SPINS PowerTabs Neolea Data Ending 07-13-25.xlsb
NEOLEA,Time Period End Date,2025-07-13,2025-07-01,,,,,0.0,0.0,,,,,,,SPINS PowerTabs Neolea Data Ending 07-13-25.xlsb
NEOLEA,URBANI,2025-07-13,2025-07-01,,,,,143.6,2031.92,,,,,,,SPINS PowerTabs Neolea Data Ending 07-13-25.xlsb
NEOLEA,VANTIA,2025-07-13,2025-07-01,,,,,550.2,65180.44,,,,,,,SPINS PowerTabs Neolea Data Ending 07-13-25.xlsb
NEOLEA,VILLA MANODORI,2025-07-13,2025-07-01,,,,,831.6,365264.42,,,,,,,SPINS PowerTabs Neolea Data Ending 07-13-25.xlsb
NEOLEA,VILLA MANODORI ESSENZIALE,2025-07-13,2025-07-01,,,,,111.8,1030.32,,,,,,,SPINS PowerTabs Neolea Data Ending 07-13-25.xlsb
NEOLEA,VILLAGE BATCH,2025-07-13,2025-07-01,,,,,800.2,553.02,,,,,,,SPINS PowerTabs Neolea Data Ending 07-13-25.xlsb
NEOLEA,VINCOTTO,2025-07-13,2025-07-01,,,,,0.0,0.0,,,,,,,SPINS PowerTabs Neolea Data Ending 07-13-25.xlsb
NEOLEA,VITA ORGANIC,2025-07-13,2025-07-01,,,,,1010.6,1483.38,,,,,,,SPINS PowerTabs Neolea Data Ending 07-13-25.xlsb
NEOLEA,WILD HARVEST,2025-07-13,2025-07-01,,,,,541.2,5471.3,,,,,,,SPINS PowerTabs Neolea Data Ending 07-13-25.xlsb
NEOLEA,WOZZ KITCHEN CREATIONS,2025-07-13,2025-07-01,,,,,710.6,4158.18,,,,,,,SPINS PowerTabs Neolea Data Ending 07-13-25.xlsb
NEOLEA,YTD,2025-07-13,2025-07-01,,,,,0.0,0.0,,,,,,,SPINS PowerTabs Neolea Data Ending 07-13-25.xlsb
NEOLEA,ZACK BRUELL,2025-07-13,2025-07-01,,,,,2456.8,55155.84,,,,,,,SPINS PowerTabs Neolea Data Ending 07-13-25.xlsb
NEOLEA,nan,2025-07-13,2025-07-01,,,,,0.0,0.0,,,,,,,SPINS PowerTabs Neolea Data Ending 07-13-25.xlsb
NEOLEA,12 Weeks,2025-08-10,2025-08-01,,,,,0.0,0.0,,,,,,,SPINS PowerTabs Neolea Data Ending 08-10-25.xlsb
NEOLEA,24 Weeks,2025-08-10,2025-08-01,,,,,0.0,0.0,,,,,,,SPINS PowerTabs Neolea Data Ending 08-10-25.xlsb
NEOLEA,4 Weeks,2025-08-10,2025-08-01,,,,,0.0,0.0,,,,,,,SPINS PowerTabs Neolea Data Ending 08-10-25.xlsb
NEOLEA,45522,2025-08-10,2025-08-01,,,,,21.1,342.05,,,,,,,SPINS PowerTabs Neolea Data Ending 08-10-25.xlsb
NEOLEA,45529,2025-08-10,2025-08-01,,,,,30.5,509.02,,,,,,,SPINS PowerTabs Neolea Data Ending 08-10-25.xlsb
NEOLEA,45536,2025-08-10,2025-08-01,,,,,26.5,442.32,,,,,,,SPINS PowerTabs Neolea Data Ending 08-10-25.xlsb
NEOLEA,45543,2025-08-10,2025-08-01,,,,,22.0,348.77,,,,,,,SPINS PowerTabs Neolea Data Ending 08-10-25.xlsb
NEOLEA,45550,2025-08-10,2025-08-01,,,,,20.2,313.15,,,,,,,SPINS PowerTabs Neolea Data Ending 08-10-25.xlsb
NEOLEA,45557,2025-08-10,2025-08-01,,,,,11.7,190.33,,,,,,,SPINS PowerTabs Neolea Data Ending 08-10-25.xlsb
NEOLEA,45564,2025-08-10,2025-08-01,,,,,16.3,253.02,,,,,,,SPINS PowerTabs Neolea Data Ending 08-10-25.xlsb
NEOLEA,45571,2025-08-10,2025-08-01,,,,,22.3,351.57,,,,,,,SPINS PowerTabs Neolea Data Ending 08-10-25.xlsb
NEOLEA,45578,2025-08-10,2025-08-01,,,,,15.9,265.72,,,,,,,SPINS PowerTabs Neolea Data Ending 08-10-25.xlsb
NEOLEA,45585,2025-08-10,2025-08-01,,,,,22.2,365.76,,,,,,,SPINS PowerTabs Neolea Data Ending 08-10-25.xlsb
NEOLEA,45592,2025-08-10,2025-08-01,,,,,25.5,407.02,,,,,,,SPINS PowerTabs Neolea Data Ending 08-10-25.xlsb
NEOLEA,45599,2025-08-10,2025-08-01,,,,,52.4,742.79,,,,,,,SPINS PowerTabs Neolea Data Ending 08-10-25.xlsb
NEOLEA,45606,2025-08-10,2025-08-01,,,,,50.9,732.13,,,,,,,SPINS PowerTabs Neolea Data Ending 08-10-25.xlsb
NEOLEA,45613,2025-08-10,2025-08-01,,,,,42.3,590.36,,,,,,,SPINS PowerTabs Neolea Data Ending 08-10-25.xlsb
NEOLEA,45620,2025-08-10,2025-08-01,,,,,57.7,831.36,,,,,,,SPINS PowerTabs Neolea Data Ending 08-10-25.xlsb
NEOLEA,45627,2025-08-10,2025-08-01,,,,,75.6,1065.03,,,,,,,SPINS PowerTabs Neolea Data Ending 08-10-25.xlsb
NEOLEA,45634,2025-08-10,2025-08-01,,,,,42.9,647.36,,,,,,,SPINS PowerTabs Neolea Data Ending 08-10-25.xlsb
NEOLEA,45641,2025-08-10,2025-08-01,,,,,41.8,640.24,,,,,,,SPINS PowerTabs Neolea Data Ending 08-10-25.xlsb
NEOLEA,45648,2025-08-10,2025-08-01,,,,,105.5,1602.9299999999998,,,,,,,SPINS PowerTabs Neolea Data Ending 08-10-25.xlsb
NEOLEA,45655,2025-08-10,2025-08-01,,,,,56.9,880.43,,,,,,,SPINS PowerTabs Neolea Data Ending 08-10-25.xlsb
NEOLEA,45662,2025-08-10,2025-08-01,,,,,35.9,568.3199999999999,,,,,,,SPINS PowerTabs Neolea Data Ending 08-10-25.xlsb
NEOLEA,45669,2025-08-10,2025-08-01,,,,,53.400000000000006,613.05,,,,,,,SPINS PowerTabs Neolea Data Ending 08-10-25.xlsb
NEOLEA,45676,2025-08-10,2025-08-01,,,,,60.1,934.89,,,,,,,SPINS PowerTabs Neolea Data Ending 08-10-25.xlsb
NEOLEA,45683,2025-08-10,2025-08-01,,,,,62.5,953.3800000000001,,,,,,,SPINS PowerTabs Neolea Data Ending 08-10-25.xlsb
NEOLEA,45690,2025-08-10,2025-08-01,,,,,29.0,467.80999999999995,,,,,,,SPINS PowerTabs Neolea Data Ending 08-10-25.xlsb
NEOLEA,45697,2025-08-10,2025-08-01,,,,,45.5,689.22,,,,,,,SPINS PowerTabs Neolea Data Ending 08-10-25.xlsb
NEOLEA,45704,2025-08-10,2025-08-01,,,,,40.599999999999994,625.05,,,,,,,SPINS PowerTabs Neolea Data Ending 08-10-25.xlsb
NEOLEA,45711,2025-08-10,2025-08-01,,,,,24.6,378.57000000000005,,,,,,,SPINS PowerTabs Neolea Data Ending 08-10-25.xlsb
NEOLEA,45718,2025-08-10,2025-08-01,,,,,49.400000000000006,631.17,,,,,,,SPINS PowerTabs Neolea Data Ending 08-10-25.xlsb
NEOLEA,45725,2025-08-10,2025-08-01,,,,,37.4,507.83000000000004,,,,,,,SPINS PowerTabs Neolea Data Ending 08-10-25.xlsb
NEOLEA,45732,2025-08-10,2025-08-01,,,,,74.4,965.3199999999999,,,,,,,SPINS PowerTabs Neolea Data Ending 08-10-25.xlsb
NEOLEA,45739,2025-08-10,2025-08-01,,,,,115.5,1496.88,,,,,,,SPINS PowerTabs Neolea Data Ending 08-10-25.xlsb
NEOLEA,45746,2025-08-10,2025-08-01,,,,,91.4,1182.65,,,,,,,SPINS PowerTabs Neolea Data Ending 08-10-25.xlsb
NEOLEA,45753,2025-08-10,2025-08-01,,,,,79.9,1105.9,,,,,,,SPINS PowerTabs Neolea Data Ending 08-10-25.xlsb
NEOLEA,45760,2025-08-10,2025-08-01,,,,,69.6,879.4,,,,,,,SPINS PowerTabs Neolea Data Ending 08-10-25.xlsb
NEOLEA,45767,2025-08-10,2025-08-01,,,,,95.0,1223.81,,,,,,,SPINS PowerTabs Neolea Data Ending 08-10-25.xlsb
NEOLEA,45774,2025-08-10,2025-08-01,,,,,111.69999999999999,1484.76,,,,,,,SPINS PowerTabs Neolea Data Ending 08-10-25.xlsb
NEOLEA,45781,2025-08-10,2025-08-01,,,,,63.3,873.1500000000001,,,,,,,SPINS PowerTabs Neolea Data Ending 08-10-25.xlsb
NEOLEA,45788,2025-08-10,2025-08-01,,,,,93.80000000000001,1359.51,,,,,,,SPINS PowerTabs Neolea Data Ending 08-10-25.xlsb
NEOLEA,45795,2025-08-10,2025-08-01,,,,,73.8,1109.2,,,,,,,SPINS PowerTabs Neolea Data Ending 08-10-25.xlsb
NEOLEA,45802,2025-08-10,2025-08-01,,,,,71.0,1062.23,,,,,,,SPINS PowerTabs Neolea Data Ending 08-10-25.xlsb
NEOLEA,45809,2025-08-10,2025-08-01,,,,,100.5,1389.94,,,,,,,SPINS PowerTabs Neolea Data Ending 08-10-25.xlsb
NEOLEA,45816,2025-08-10,2025-08-01,,,,,79.6,1116.3,,,,,,,SPINS PowerTabs Neolea Data Ending 08-10-25.xlsb
NEOLEA,45823,2025-08-10,2025-08-01,,,,,97.6,1319.22,,,,,,,SPINS PowerTabs Neolea Data Ending 08-10-25.xlsb
NEOLEA,45830,2025-08-10,2025-08-01,,,,,102.80000000000001,1348.1399999999999,,,,,,,SPINS PowerTabs Neolea Data Ending 08-10-25.xlsb
NEOLEA,45837,2025-08-10,2025-08-01,,,,,94.6,1341.25,,,,,,,SPINS PowerTabs Neolea Data Ending 08-10-25.xlsb
NEOLEA,45844,2025-08-10,2025-08-01,,,,,108.6,1532.01,,,,,,,SPINS PowerTabs Neolea Data Ending 08-10-25.xlsb
NEOLEA,45851,2025-08-10,2025-08-01,,,,,88.8,1298.83,,,,,,,SPINS PowerTabs Neolea Data Ending 08-10-25.xlsb
NEOLEA,45858,2025-08-10,2025-08-01,,,,,124.2,1827.4,,,,,,,SPINS PowerTabs Neolea Data Ending 08-10-25.xlsb
NEOLEA,45865,2025-08-10,2025-08-01,,,,,69.7,1071.21,,,,,,,SPINS PowerTabs Neolea Data Ending 08-10-25.xlsb
NEOLEA,45872,2025-08-10,2025-08-01,,,,,59.5,865.85,,,,,,,SPINS PowerTabs Neolea Data Ending 08-10-25.xlsb
NEOLEA,45879,2025-08-10,2025-08-01,,,,,69.5,1077.82,,,,,,,SPINS PowerTabs Neolea Data Ending 08-10-25.xlsb
NEOLEA,52 Weeks,2025-08-10,2025-08-01,,,,,0.0,0.0,,,,,,,SPINS PowerTabs Neolea Data Ending 08-10-25.xlsb
NEOLEA,AC - ALBERTSONSCO CORP - RMA,2025-08-10,2025-08-01,,,,,93807864.5,731313245.71,119.66400000000002,15075.523083222766,,,,,SPINS PowerTabs Neolea Data Ending 08-10-25.xlsb
NEOLEA,ACETAIA BELLEI,2025-08-10,2025-08-01,,,,,1637.0,617424.58,,,,,,,SPINS PowerTabs Neolea Data Ending 08-10-25.xlsb
NEOLEA,ACETAIA LEONARDI,2025-08-10,2025-08-01,,,,,1039.0,18485.28,,,,,,,SPINS PowerTabs Neolea Data Ending 08-10-25.xlsb
NEOLEA,ACETAIA MALPIGHI,2025-08-10,2025-08-01,,,,,47.4,490.02,,,,,,,SPINS PowerTabs Neolea Data Ending 08-10-25.xlsb
NEOLEA,ACETAIA MILLAN,2025-08-10,2025-08-01,,,,,760.8,4714.28,,,,,,,SPINS PowerTabs Neolea Data Ending 08-10-25.xlsb
NEOLEA,ACETAIA SAN GIACAMO,2025-08-10,2025-08-01,,,,,1838.6,9258.7,,,,,,,SPINS PowerTabs Neolea Data Ending 08-10-25.xlsb
NEOLEA,ACETAIA SAN GIACOMO,2025-08-10,2025-08-01,,,,,612.2,7029.36,,,,,,,SPINS PowerTabs Neolea Data Ending 08-10-25.xlsb
NEOLEA,ACETIA CATTANI,2025-08-10,2025-08-01,,,,,2268.8,193774.38,,,,,,,SPINS PowerTabs Neolea Data Ending 08-10-25.xlsb
NEOLEA,ACETUM,2025-08-10,2025-08-01,,,,,25.4,25.84,,,,,,,SPINS PowerTabs Neolea Data Ending 08-10-25.xlsb
NEOLEA,ACID LEAGUE,2025-08-10,2025-08-01,,,,,157.0,226.5,,,,,,,SPINS PowerTabs Neolea Data Ending 08-10-25.xlsb
NEOLEA,ALESSI,2025-08-10,2025-08-01,,,,,2326.2,2587843.1,,,,,,,SPINS PowerTabs Neolea Data Ending 08-10-25.xlsb
NEOLEA,ALIDORO,2025-08-10,2025-08-01,,,,,0.0,0.0,,,,,,,SPINS PowerTabs Neolea Data Ending 08-10-25.xlsb
NEOLEA,ALMAS,2025-08-10,2025-08-01,,,,,1177.2,9502.94,,,,,,,SPINS PowerTabs Neolea Data Ending 08-10-25.xlsb
NEOLEA,ANTICA ITALIA,2025-08-10,2025-08-01,,,,,107.2,73.08,,,,,,,SPINS PowerTabs Neolea Data Ending 08-10-25.xlsb
NEOLEA,APERO,2025-08-10,2025-08-01,,,,,1214.4,59939.22,,,,,,,SPINS PowerTabs Neolea Data Ending 08-10-25.xlsb
NEOLEA,ARISTON,2025-08-10,2025-08-01,,,,,2459.2,72077.24,,,,,,,SPINS PowerTabs Neolea Data Ending 08-10-25.xlsb
NEOLEA,BARENGO,2025-08-10,2025-08-01,,,,,246.0,30116.72,,,,,,,SPINS PowerTabs Neolea Data Ending 08-10-25.xlsb
NEOLEA,BARIANI,2025-08-10,2025-08-01,,,,,842.4,128274.46,,,,,,,SPINS PowerTabs Neolea Data Ending 08-10-25.xlsb
NEOLEA,BARTENURA,2025-08-10,2025-08-01,,,,,910.4,26460.54,,,,,,,SPINS PowerTabs Neolea Data Ending 08-10-25.xlsb
NEOLEA,BATISTINI FARMS,2025-08-10,2025-08-01,,,,,0.0,0.0,,,,,,,SPINS PowerTabs Neolea Data Ending 08-10-25.xlsb
NEOLEA,BELBERRY ROYAL SELECTION,2025-08-10,2025-08-01,,,,,284.6,170.66,,,,,,,SPINS PowerTabs Neolea Data Ending 08-10-25.xlsb
NEOLEA,BELLADORO,2025-08-10,2025-08-01,,,,,134.4,69.34,,,,,,,SPINS PowerTabs Neolea Data Ending 08-10-25.xlsb
NEOLEA,BELLINO,2025-08-10,2025-08-01,,,,,743.6,41939.58,,,,,,,SPINS PowerTabs Neolea Data Ending 08-10-25.xlsb
NEOLEA,BERTOLLI,2025-08-10,2025-08-01,,,,,2169.2,122907.24,,,,,,,SPINS PowerTabs Neolea Data Ending 08-10-25.xlsb
NEOLEA,BERTOLLI DEOLEO,2025-08-10,2025-08-01,,,,,370.6,6004.06,,,,,,,SPINS PowerTabs Neolea Data Ending 08-10-25.xlsb
NEOLEA,BIONATURAE,2025-08-10,2025-08-01,,,,,5217.4,1083000.76,,,,,,,SPINS PowerTabs Neolea Data Ending 08-10-25.xlsb
NEOLEA,BIORA,2025-08-10,2025-08-01,,,,,612.0,57160.04,,,,,,,SPINS PowerTabs Neolea Data Ending 08-10-25.xlsb
NEOLEA,BONA FURTUNA,2025-08-10,2025-08-01,,,,,515.8,47254.52,,,,,,,SPINS PowerTabs Neolea Data Ending 08-10-25.xlsb
NEOLEA,BONAVITA,2025-08-10,2025-08-01,,,,,0.0,0.0,,,,,,,SPINS PowerTabs Neolea Data Ending 08-10-25.xlsb
NEOLEA,BONAVITA ORGANIC,2025-08-10,2025-08-01,,,,,0.0,0.0,,,,,,,SPINS PowerTabs Neolea Data Ending 08-10-25.xlsb
NEOLEA,BOTTICELLI,2025-08-10,2025-08-01,,,,,1519.6,45002.28,,,,,,,SPINS PowerTabs Neolea Data Ending 08-10-25.xlsb
NEOLEA,BRADS,2025-08-10,2025-08-01,,,,,1357.6,10575.62,,,,,,,SPINS PowerTabs Neolea Data Ending 08-10-25.xlsb
NEOLEA,BRIGHTLAND,2025-08-10,2025-08-01,,,,,788.8,105536.38,,,,,,,SPINS PowerTabs Neolea Data Ending 08-10-25.xlsb
NEOLEA,BRONX LITTLE ITALY,2025-08-10,2025-08-01,,,,,807.2,6770.44,,,,,,,SPINS PowerTabs Neolea Data Ending 08-10-25.xlsb
NEOLEA,Brand,2025-08-10,2025-08-01,,,,,0.0,0.0,,,,,,,SPINS PowerTabs Neolea Data Ending 08-10-25.xlsb
NEOLEA,CADIA,2025-08-10,2025-08-01,,,,,4052.4,265515.6,,,,,,,SPINS PowerTabs Neolea Data Ending 08-10-25.xlsb
NEOLEA,CALIVIRGIN,2025-08-10,2025-08-01,,,,,138.2,829.5,,,,,,,SPINS PowerTabs Neolea Data Ending 08-10-25.xlsb
NEOLEA,CALOLEA,2025-08-10,2025-08-01,,,,,2488.6,21090.24,,,,,,,SPINS PowerTabs Neolea Data Ending 08-10-25.xlsb
NEOLEA,CARANDINI,2025-08-10,2025-08-01,,,,,1323.4,41648.82,,,,,,,SPINS PowerTabs Neolea Data Ending 08-10-25.xlsb
NEOLEA,CARAPELLI,2025-08-10,2025-08-01,,,,,3541.2,26657.38,,,,,,,SPINS PowerTabs Neolea Data Ending 08-10-25.xlsb
NEOLEA,CAROLIVA,2025-08-10,2025-08-01,,,,,268.8,4248.3,,,,,,,SPINS PowerTabs Neolea Data Ending 08-10-25.xlsb
NEOLEA,CASTILLO DE PINAR,2025-08-10,2025-08-01,,,,,1710.2,10113.24,,,,,,,SPINS PowerTabs Neolea Data Ending 08-10-25.xlsb
NEOLEA,CAVALLI,2025-08-10,2025-08-01,,,,,1219.0,17428.96,,,,,,,SPINS PowerTabs Neolea Data Ending 08-10-25.xlsb
NEOLEA,CAVALLI RISERVA NANDO,2025-08-10,2025-08-01,,,,,884.8,108197.0,,,,,,,SPINS PowerTabs Neolea Data Ending 08-10-25.xlsb
NEOLEA,CENTO,2025-08-10,2025-08-01,,,,,1402.0,128649.06,,,,,,,SPINS PowerTabs Neolea Data Ending 08-10-25.xlsb
NEOLEA,CLAUDIO,2025-08-10,2025-08-01,,,,,5517.6,3087.42,,,,,,,SPINS PowerTabs Neolea Data Ending 08-10-25.xlsb
NEOLEA,CLOVER VALLEY,2025-08-10,2025-08-01,,,,,786.2,26027.88,,,,,,,SPINS PowerTabs Neolea Data Ending 08-10-25.xlsb
NEOLEA,COLAVITA,2025-08-10,2025-08-01,,,,,1805.0,1682329.28,,,,,,,SPINS PowerTabs Neolea Data Ending 08-10-25.xlsb
NEOLEA,COMPAGNIA DEL MONTALE,2025-08-10,2025-08-01,,,,,581.8,70459.98,,,,,,,SPINS PowerTabs Neolea Data Ending 08-10-25.xlsb
NEOLEA,COOP ITALIA SOCIETA COOPERATIVA,2025-08-10,2025-08-01,,,,,1124.0,3205.92,,,,,,,SPINS PowerTabs Neolea Data Ending 08-10-25.xlsb
NEOLEA,COPPER HILL,2025-08-10,2025-08-01,,,,,0.0,0.0,,,,,,,SPINS PowerTabs Neolea Data Ending 08-10-25.xlsb
NEOLEA,CORA ITALIAN PRODUCTS,2025-08-10,2025-08-01,,,,,322.0,72.32,,,,,,,SPINS PowerTabs Neolea Data Ending 08-10-25.xlsb
NEOLEA,COURAGEOUS,2025-08-10,2025-08-01,,,,,282.4,3650.16,,,,,,,SPINS PowerTabs Neolea Data Ending 08-10-25.xlsb
NEOLEA,CUCINA & AMORE,2025-08-10,2025-08-01,,,,,1017.2,34064.88,,,,,,,SPINS PowerTabs Neolea Data Ending 08-10-25.xlsb
NEOLEA,CUCINA VIVA,2025-08-10,2025-08-01,,,,,1497.0,280.46,,,,,,,SPINS PowerTabs Neolea Data Ending 08-10-25.xlsb
NEOLEA,CULINARY CIRCLE,2025-08-10,2025-08-01,,,,,600.6,466.46,,,,,,,SPINS PowerTabs Neolea Data Ending 08-10-25.xlsb
NEOLEA,CULINARY TOURS,2025-08-10,2025-08-01,,,,,2499.4,26312.48,,,,,,,SPINS PowerTabs Neolea Data Ending 08-10-25.xlsb
NEOLEA,Category,2025-08-10,2025-08-01,,,,,0.0,0.0,,,,,,,SPINS PowerTabs Neolea Data Ending 08-10-25.xlsb
NEOLEA,Channel,2025-08-10,2025-08-01,,,,,0.0,0.0,,,,,,,SPINS PowerTabs Neolea Data Ending 08-10-25.xlsb
NEOLEA,DAT GOOD,2025-08-10,2025-08-01,,,,,467.2,7888.3,,,,,,,SPINS PowerTabs Neolea Data Ending 08-10-25.xlsb
NEOLEA,DE LA ROSA,2025-08-10,2025-08-01,,,,,0.0,0.0,,,,,,,SPINS PowerTabs Neolea Data Ending 08-10-25.xlsb
NEOLEA,DE MEDICI,2025-08-10,2025-08-01,,,,,623.6,7444.52,,,,,,,SPINS PowerTabs Neolea Data Ending 08-10-25.xlsb
NEOLEA,DE NIGRIS,2025-08-10,2025-08-01,,,,,740.4,433820.28,,,,,,,SPINS PowerTabs Neolea Data Ending 08-10-25.xlsb
NEOLEA,DELALLO,2025-08-10,2025-08-01,,,,,1306.0,38051.92,,,,,,,SPINS PowerTabs Neolea Data Ending 08-10-25.xlsb
NEOLEA,DELLA TERRA,2025-08-10,2025-08-01,,,,,1372.0,19154.06,,,,,,,SPINS PowerTabs Neolea Data Ending 08-10-25.xlsb
NEOLEA,DI BRUNO BROS,2025-08-10,2025-08-01,,,,,903.2,6357.7,,,,,,,SPINS PowerTabs Neolea Data Ending 08-10-25.xlsb
NEOLEA,DOMENICA,2025-08-10,2025-08-01,,,,,765.6,25116.68,,,,,,,SPINS PowerTabs Neolea Data Ending 08-10-25.xlsb
NEOLEA,DR MERCOLA,2025-08-10,2025-08-01,,,,,376.6,1005.48,,,,,,,SPINS PowerTabs Neolea Data Ending 08-10-25.xlsb
NEOLEA,DUE VITTORIE,2025-08-10,2025-08-01,,,,,889.2,59396.1,,,,,,,SPINS PowerTabs Neolea Data Ending 08-10-25.xlsb
NEOLEA,DUKE OF MODENA,2025-08-10,2025-08-01,,,,,716.8,72510.54,,,,,,,SPINS PowerTabs Neolea Data Ending 08-10-25.xlsb
NEOLEA,ENZO OLIVE OIL COMPANY,2025-08-10,2025-08-01,,,,,2440.2,80439.1,,,,,,,SPINS PowerTabs Neolea Data Ending 08-10-25.xlsb
NEOLEA,EPIPHANY,2025-08-10,2025-08-01,,,,,701.0,5743.46,,,,,,,SPINS PowerTabs Neolea Data Ending 08-10-25.xlsb
NEOLEA,EPIPHANY PANTRY,2025-08-10,2025-08-01,,,,,2753.8,18145.04,,,,,,,SPINS PowerTabs Neolea Data Ending 08-10-25.xlsb
NEOLEA,ESSENTIAL EVERYDAY,2025-08-10,2025-08-01,,,,,2736.8,1273.98,,,,,,,SPINS PowerTabs Neolea Data Ending 08-10-25.xlsb
NEOLEA,EVERYDAY GOURMET,2025-08-10,2025-08-01,,,,,710.6,780.58,,,,,,,SPINS PowerTabs Neolea Data Ending 08-10-25.xlsb
NEOLEA,FATTORIA ESTENSE,2025-08-10,2025-08-01,,,,,586.0,20310.12,,,,,,,SPINS PowerTabs Neolea Data Ending 08-10-25.xlsb
NEOLEA,FERRARA,2025-08-10,2025-08-01,,,,,2188.6,2457.38,,,,,,,SPINS PowerTabs Neolea Data Ending 08-10-25.xlsb
NEOLEA,FIELD DAY,2025-08-10,2025-08-01,,,,,6291.2,422554.94,,,,,,,SPINS PowerTabs Neolea Data Ending 08-10-25.xlsb
NEOLEA,FILIPPO BERIO,2025-08-10,2025-08-01,,,,,1314.0,109671.4,,,,,,,SPINS PowerTabs Neolea Data Ending 08-10-25.xlsb
NEOLEA,FINI,2025-08-10,2025-08-01,,,,,1451.0,941500.38,,,,,,,SPINS PowerTabs Neolea Data Ending 08-10-25.xlsb
NEOLEA,FLORA,2025-08-10,2025-08-01,,,,,723.6,25689.32,,,,,,,SPINS PowerTabs Neolea Data Ending 08-10-25.xlsb
NEOLEA,FOX BROTHERS,2025-08-10,2025-08-01,,,,,1024.6,199.5,,,,,,,SPINS PowerTabs Neolea Data Ending 08-10-25.xlsb
NEOLEA,FRATELLI MANTOVA,2025-08-10,2025-08-01,,,,,236.0,2161.06,,,,,,,SPINS PowerTabs Neolea Data Ending 08-10-25.xlsb
NEOLEA,FRESH THYME MARKET - TOTAL US,2025-08-10,2025-08-01,,,,,1312643.6,12435289.399999999,,,,,,,SPINS PowerTabs Neolea Data Ending 08-10-25.xlsb
NEOLEA,FULL CIRCLE MARKET,2025-08-10,2025-08-01,,,,,4057.4,74100.76,,,,,,,SPINS PowerTabs Neolea Data Ending 08-10-25.xlsb
NEOLEA,GEMMA,2025-08-10,2025-08-01,,,,,182.0,1599.38,,,,,,,SPINS PowerTabs Neolea Data Ending 08-10-25.xlsb
NEOLEA,GIA RUSSA,2025-08-10,2025-08-01,,,,,3767.8,4673.58,,,,,,,SPINS PowerTabs Neolea Data Ending 08-10-25.xlsb
NEOLEA,GIANNI CALOGIURI,2025-08-10,2025-08-01,,,,,1235.0,24760.18,,,,,,,SPINS PowerTabs Neolea Data Ending 08-10-25.xlsb
NEOLEA,GINO TOSCHI,2025-08-10,2025-08-01,,,,,572.6,5123.56,,,,,,,SPINS PowerTabs Neolea Data Ending 08-10-25.xlsb
NEOLEA,GIOVANNA PAVAROTTI,2025-08-10,2025-08-01,,,,,1567.0,427885.06,,,,,,,SPINS PowerTabs Neolea Data Ending 08-10-25.xlsb
NEOLEA,GIUSEPPE GIUSTI,2025-08-10,2025-08-01,,,,,899.8,340764.72,,,,,,,SPINS PowerTabs Neolea Data Ending 08-10-25.xlsb
NEOLEA,GLASSY,2025-08-10,2025-08-01,,,,,0.0,0.0,,,,,,,SPINS PowerTabs Neolea Data Ending 08-10-25.xlsb
NEOLEA,GODA,2025-08-10,2025-08-01,,,,,8157.4,32607.86,,,,,,,SPINS PowerTabs Neolea Data Ending 08-10-25.xlsb
NEOLEA,GOOD FOOD HOLDINGS - TOTAL US CA,2025-08-10,2025-08-01,,,,,809535.2,11222284.629999999,,,,,,,SPINS PowerTabs Neolea Data Ending 08-10-25.xlsb
NEOLEA,GOYA,2025-08-10,2025-08-01,,,,,477.0,665.56,,,,,,,SPINS PowerTabs Neolea Data Ending 08-10-25.xlsb
NEOLEA,GUERZONI,2025-08-10,2025-08-01,,,,,1898.6,27605.34,,,,,,,SPINS PowerTabs Neolea Data Ending 08-10-25.xlsb
NEOLEA,GUISEPPE GIUSTI,2025-08-10,2025-08-01,,,,,83.4,552.86,,,,,,,SPINS PowerTabs Neolea Data Ending 08-10-25.xlsb
NEOLEA,Geography,2025-08-10,2025-08-01,,,,,0.0,0.0,,,,,,,SPINS PowerTabs Neolea Data Ending 08-10-25.xlsb
NEOLEA,HADDAR,2025-08-10,2025-08-01,,,,,406.0,149.96,,,,,,,SPINS PowerTabs Neolea Data Ending 08-10-25.xlsb
NEOLEA,HOLLAND HOUSE,2025-08-10,2025-08-01,,,,,0.0,0.0,,,,,,,SPINS PowerTabs Neolea Data Ending 08-10-25.xlsb
NEOLEA,HOLLOW TREE HONEY,2025-08-10,2025-08-01,,,,,761.8,31341.9,,,,,,,SPINS PowerTabs Neolea Data Ending 08-10-25.xlsb
NEOLEA,I SOLAI DI SAN GIORGIO,2025-08-10,2025-08-01,,,,,1640.0,7202.14,,,,,,,SPINS PowerTabs Neolea Data Ending 08-10-25.xlsb
NEOLEA,IL BOSCHETTO,2025-08-10,2025-08-01,,,,,475.2,7241.98,,,,,,,SPINS PowerTabs Neolea Data Ending 08-10-25.xlsb
NEOLEA,INFRA - TOTAL US,2025-08-10,2025-08-01,,,,,3821658.2,46635504.13,54.188,1356.2675670457838,,,,,SPINS PowerTabs Neolea Data Ending 08-10-25.xlsb
NEOLEA,INVECCHIATO,2025-08-10,2025-08-01,,,,,497.8,1607.56,,,,,,,SPINS PowerTabs Neolea Data Ending 08-10-25.xlsb
NEOLEA,ISOLA,2025-08-10,2025-08-01,,,,,1126.2,8696.34,,,,,,,SPINS PowerTabs Neolea Data Ending 08-10-25.xlsb
NEOLEA,ISOLA ORGANIC,2025-08-10,2025-08-01,,,,,1964.6,9099.38,,,,,,,SPINS PowerTabs Neolea Data Ending 08-10-25.xlsb
NEOLEA,KATIES PIZZA PASTA,2025-08-10,2025-08-01,,,,,550.0,1384.52,,,,,,,SPINS PowerTabs Neolea Data Ending 08-10-25.xlsb
NEOLEA,KEDEM,2025-08-10,2025-08-01,,,,,663.0,4191.14,,,,,,,SPINS PowerTabs Neolea Data Ending 08-10-25.xlsb
NEOLEA,KIMBERLY,2025-08-10,2025-08-01,,,,,1042.6,5410.8,,,,,,,SPINS PowerTabs Neolea Data Ending 08-10-25.xlsb
NEOLEA,KINGS FOOD MARKETS - TOTAL US,2025-08-10,2025-08-01,,,,,520726.2,6509574.249999999,50.0,200.27930769230767,,,,,SPINS PowerTabs Neolea Data Ending 08-10-25.xlsb
NEOLEA,L ARETINO,2025-08-10,2025-08-01,,,,,283.6,56.64,,,,,,,SPINS PowerTabs Neolea Data Ending 08-10-25.xlsb
NEOLEA,LA SQUISITA,2025-08-10,2025-08-01,,,,,529.0,221.98,,,,,,,SPINS PowerTabs Neolea Data Ending 08-10-25.xlsb
NEOLEA,LA TOURANGELLE,2025-08-10,2025-08-01,,,,,0.0,0.0,,,,,,,SPINS PowerTabs Neolea Data Ending 08-10-25.xlsb
NEOLEA,LA VECCHIA,2025-08-10,2025-08-01,,,,,702.8,95932.66,,,,,,,SPINS PowerTabs Neolea Data Ending 08-10-25.xlsb
NEOLEA,LEONARDI,2025-08-10,2025-08-01,,,,,742.4,149389.18,,,,,,,SPINS PowerTabs Neolea Data Ending 08-10-25.xlsb
NEOLEA,LODOVICO CAMPARI,2025-08-10,2025-08-01,,,,,148.0,6853.3,,,,,,,SPINS PowerTabs Neolea Data Ending 08-10-25.xlsb
NEOLEA,LORENZA DE MEDICI,2025-08-10,2025-08-01,,,,,39.0,131.4,,,,,,,SPINS PowerTabs Neolea Data Ending 08-10-25.xlsb
NEOLEA,LUCINI ITALIA,2025-08-10,2025-08-01,,,,,1665.0,1602922.8,,,,,,,SPINS PowerTabs Neolea Data Ending 08-10-25.xlsb
NEOLEA,MADE WITH,2025-08-10,2025-08-01,,,,,3374.2,46068.94,,,,,,,SPINS PowerTabs Neolea Data Ending 08-10-25.xlsb
NEOLEA,MADHAVA,2025-08-10,2025-08-01,,,,,2450.6,166723.54,,,,,,,SPINS PowerTabs Neolea Data Ending 08-10-25.xlsb
NEOLEA,MALETTI REGNANI,2025-08-10,2025-08-01,,,,,2014.4,56718.66,,,,,,,SPINS PowerTabs Neolea Data Ending 08-10-25.xlsb
NEOLEA,MANICARDI,2025-08-10,2025-08-01,,,,,665.4,21585.98,,,,,,,SPINS PowerTabs Neolea Data Ending 08-10-25.xlsb
NEOLEA,MANNYS,2025-08-10,2025-08-01,,,,,1498.6,5266.78,,,,,,,SPINS PowerTabs Neolea Data Ending 08-10-25.xlsb
NEOLEA,MANTOVA,2025-08-10,2025-08-01,,,,,704.8,14316.98,,,,,,,SPINS PowerTabs Neolea Data Ending 08-10-25.xlsb
NEOLEA,MAPLE GROVE FARMS,2025-08-10,2025-08-01,,,,,2196.8,17879.66,,,,,,,SPINS PowerTabs Neolea Data Ending 08-10-25.xlsb
NEOLEA,MARDONA,2025-08-10,2025-08-01,,,,,1716.8,8346.94,,,,,,,SPINS PowerTabs Neolea Data Ending 08-10-25.xlsb
NEOLEA,MASSERIE DI SANTERAMO,2025-08-10,2025-08-01,,,,,1089.6,49682.28,,,,,,,SPINS PowerTabs Neolea Data Ending 08-10-25.xlsb
NEOLEA,MAVRAS GREEK OIL,2025-08-10,2025-08-01,,,,,759.2,14166.06,,,,,,,SPINS PowerTabs Neolea Data Ending 08-10-25.xlsb
NEOLEA,MAZZETTI,2025-08-10,2025-08-01,,,,,1092.0,121552.44,,,,,,,SPINS PowerTabs Neolea Data Ending 08-10-25.xlsb
NEOLEA,MEDITERRANEAN ORGANIC,2025-08-10,2025-08-01,,,,,295.8,427.14,,,,,,,SPINS PowerTabs Neolea Data Ending 08-10-25.xlsb
NEOLEA,MIABELLA,2025-08-10,2025-08-01,,,,,882.0,300.12,,,,,,,SPINS PowerTabs Neolea Data Ending 08-10-25.xlsb
NEOLEA,MODENACETI,2025-08-10,2025-08-01,,,,,1685.2,373570.62,,,,,,,SPINS PowerTabs Neolea Data Ending 08-10-25.xlsb
NEOLEA,MONARI FEDERZONI,2025-08-10,2025-08-01,,,,,1810.6,1728036.06,,,,,,,SPINS PowerTabs Neolea Data Ending 08-10-25.xlsb
NEOLEA,MONINI,2025-08-10,2025-08-01,,,,,300.4,1256.46,,,,,,,SPINS PowerTabs Neolea Data Ending 08-10-25.xlsb
NEOLEA,MONTE POLLINO,2025-08-10,2025-08-01,,,,,747.0,13177.48,,,,,,,SPINS PowerTabs Neolea Data Ending 08-10-25.xlsb
NEOLEA,MOTHERS MARKET - TOTAL US,2025-08-10,2025-08-01,,,,,141475.69999999998,1899302.71,29.986000000000004,90.73189283203955,,,,,SPINS PowerTabs Neolea Data Ending 08-10-25.xlsb
NEOLEA,MOUNTAINEER BRAND,2025-08-10,2025-08-01,,,,,0.0,0.0,,,,,,,SPINS PowerTabs Neolea Data Ending 08-10-25.xlsb
NEOLEA,MUSSINI,2025-08-10,2025-08-01,,,,,375.0,209.66,,,,,,,SPINS PowerTabs Neolea Data Ending 08-10-25.xlsb
NEOLEA,NAPA VALLEY NATURALS,2025-08-10,2025-08-01,,,,,3335.2,2659939.34,,,,,,,SPINS PowerTabs Neolea Data Ending 08-10-25.xlsb
NEOLEA,NAPOLEON,2025-08-10,2025-08-01,,,,,2369.0,364911.12,,,,,,,SPINS PowerTabs Neolea Data Ending 08-10-25.xlsb
NEOLEA,NAPOLI,2025-08-10,2025-08-01,,,,,2309.0,505.42,,,,,,,SPINS PowerTabs Neolea Data Ending 08-10-25.xlsb
NEOLEA,NEOLEA,2025-08-10,2025-08-01,,,,,845.8,89642.82,,,,,,,SPINS PowerTabs Neolea Data Ending 08-10-25.xlsb
NEOLEA,NOBRAND,2025-08-10,2025-08-01,,,,,2415.0,55723.26,,,,,,,SPINS PowerTabs Neolea Data Ending 08-10-25.xlsb
NEOLEA,NONNA PIA,2025-08-10,2025-08-01,,,,,2756.4,856823.14,,,,,,,SPINS PowerTabs Neolea Data Ending 08-10-25.xlsb
NEOLEA,O OLIVE OIL & VINEGAR,2025-08-10,2025-08-01,,,,,1318.6,853852.64,,,,,,,SPINS PowerTabs Neolea Data Ending 08-10-25.xlsb
NEOLEA,OILS OF PAICINES,2025-08-10,2025-08-01,,,,,994.4,5106.64,,,,,,,SPINS PowerTabs Neolea Data Ending 08-10-25.xlsb
NEOLEA,OJAI OLIVE OIL COMPANY,2025-08-10,2025-08-01,,,,,748.2,5675.34,,,,,,,SPINS PowerTabs Neolea Data Ending 08-10-25.xlsb
NEOLEA,OLDE CAPE COD,2025-08-10,2025-08-01,,,,,0.0,0.0,,,,,,,SPINS PowerTabs Neolea Data Ending 08-10-25.xlsb
NEOLEA,OLIO BEATO,2025-08-10,2025-08-01,,,,,931.2,5516.94,,,,,,,SPINS PowerTabs Neolea Data Ending 08-10-25.xlsb
NEOLEA,OLIVERS,2025-08-10,2025-08-01,,,,,5503.8,43728.98,,,,,,,SPINS PowerTabs Neolea Data Ending 08-10-25.xlsb
NEOLEA,ORTALLI,2025-08-10,2025-08-01,,,,,1439.4,88881.06,,,,,,,SPINS PowerTabs Neolea Data Ending 08-10-25.xlsb
NEOLEA,PAMPA,2025-08-10,2025-08-01,,,,,1049.4,61.6,,,,,,,SPINS PowerTabs Neolea Data Ending 08-10-25.xlsb
NEOLEA,PASTENE,2025-08-10,2025-08-01,,,,,1142.6,4301.56,,,,,,,SPINS PowerTabs Neolea Data Ending 08-10-25.xlsb
NEOLEA,POMPEIAN,2025-08-10,2025-08-01,,,,,1537.2,139098.14,,,,,,,SPINS PowerTabs Neolea Data Ending 08-10-25.xlsb
NEOLEA,POMPEIAN ORGANIC,2025-08-10,2025-08-01,,,,,323.0,1939.56,,,,,,,SPINS PowerTabs Neolea Data Ending 08-10-25.xlsb
NEOLEA,PONTI,2025-08-10,2025-08-01,,,,,830.2,82602.38,,,,,,,SPINS PowerTabs Neolea Data Ending 08-10-25.xlsb
NEOLEA,PRIMAL KITCHEN,2025-08-10,2025-08-01,,,,,1407.8,355507.52,,,,,,,SPINS PowerTabs Neolea Data Ending 08-10-25.xlsb
NEOLEA,PRIVATE LABEL,2025-08-10,2025-08-01,,,,,3880.6,2707550.92,,,,,,,SPINS PowerTabs Neolea Data Ending 08-10-25.xlsb
NEOLEA,PRIVATE LABEL ORGANIC,2025-08-10,2025-08-01,,,,,7231.2,1415109.74,,,,,,,SPINS PowerTabs Neolea Data Ending 08-10-25.xlsb
NEOLEA,PUBLIX CORP - RMA,2025-08-10,2025-08-01,,,,,96388302.50000001,666859255.4,,,,,,,SPINS PowerTabs Neolea Data Ending 08-10-25.xlsb
NEOLEA,Product Level,2025-08-10,2025-08-01,,,,,0.0,0.0,,,,,,,SPINS PowerTabs Neolea Data Ending 08-10-25.xlsb
NEOLEA,Product Universe,2025-08-10,2025-08-01,,,,,0.0,0.0,,,,,,,SPINS PowerTabs Neolea Data Ending 08-10-25.xlsb
NEOLEA,QUEEN CREEK OLIVE MILL,2025-08-10,2025-08-01,,,,,1714.8,74713.04,,,,,,,SPINS PowerTabs Neolea Data Ending 08-10-25.xlsb
NEOLEA,RACHAEL RAY,2025-08-10,2025-08-01,,,,,0.0,0.0,,,,,,,SPINS PowerTabs Neolea Data Ending 08-10-25.xlsb
NEOLEA,RE MODENA,2025-08-10,2025-08-01,,,,,435.8,7280.98,,,,,,,SPINS PowerTabs Neolea Data Ending 08-10-25.xlsb
NEOLEA,REGALIS,2025-08-10,2025-08-01,,,,,365.2,10417.4,,,,,,,SPINS PowerTabs Neolea Data Ending 08-10-25.xlsb
NEOLEA,REGINA,2025-08-10,2025-08-01,,,,,13.2,25.44,,,,,,,SPINS PowerTabs Neolea Data Ending 08-10-25.xlsb
NEOLEA,RIENZI,2025-08-10,2025-08-01,,,,,1354.2,7810.86,,,,,,,SPINS PowerTabs Neolea Data Ending 08-10-25.xlsb
NEOLEA,RIO BRIATI,2025-08-10,2025-08-01,,,,,1202.8,12194.86,,,,,,,SPINS PowerTabs Neolea Data Ending 08-10-25.xlsb
NEOLEA,RITROVO SELECTIONS,2025-08-10,2025-08-01,,,,,1381.2,487594.96,,,,,,,SPINS PowerTabs Neolea Data Ending 08-10-25.xlsb
NEOLEA,ROLAND,2025-08-10,2025-08-01,,,,,977.2,52914.78,,,,,,,SPINS PowerTabs Neolea Data Ending 08-10-25.xlsb
NEOLEA,ROLAND ORGANIC,2025-08-10,2025-08-01,,,,,256.4,2126.56,,,,,,,SPINS PowerTabs Neolea Data Ending 08-10-25.xlsb
NEOLEA,RUSTICHELLA,2025-08-10,2025-08-01,,,,,663.0,55024.8,,,,,,,SPINS PowerTabs Neolea Data Ending 08-10-25.xlsb
NEOLEA,Row Labels,2025-08-10,2025-08-01,,,,,0.0,0.0,,,,,,,SPINS PowerTabs Neolea Data Ending 08-10-25.xlsb
NEOLEA,SADAF,2025-08-10,2025-08-01,,,,,572.0,110.46,,,,,,,SPINS PowerTabs Neolea Data Ending 08-10-25.xlsb
NEOLEA,SAN GIULIANO,2025-08-10,2025-08-01,,,,,2007.4,41243.18,,,,,,,SPINS PowerTabs Neolea Data Ending 08-10-25.xlsb
NEOLEA,SAN REMO,2025-08-10,2025-08-01,,,,,1970.0,241847.0,,,,,,,SPINS PowerTabs Neolea Data Ending 08-10-25.xlsb
NEOLEA,SANEDAS KITCHEN,2025-08-10,2025-08-01,,,,,6056.0,4197.02,,,,,,,SPINS PowerTabs Neolea Data Ending 08-10-25.xlsb
NEOLEA,SARATOGA OLIVE OIL,2025-08-10,2025-08-01,,,,,3331.2,31925.2,,,,,,,SPINS PowerTabs Neolea Data Ending 08-10-25.xlsb
NEOLEA,SCIABICA,2025-08-10,2025-08-01,,,,,2577.8,102354.48,,,,,,,SPINS PowerTabs Neolea Data Ending 08-10-25.xlsb
NEOLEA,SCLAFANI,2025-08-10,2025-08-01,,,,,1638.4,3183.54,,,,,,,SPINS PowerTabs Neolea Data Ending 08-10-25.xlsb
NEOLEA,SEGGIANO,2025-08-10,2025-08-01,,,,,1548.2,53052.8,,,,,,,SPINS PowerTabs Neolea Data Ending 08-10-25.xlsb
NEOLEA,SEKA HILLS,2025-08-10,2025-08-01,,,,,497.2,14233.5,,,,,,,SPINS PowerTabs Neolea Data Ending 08-10-25.xlsb
NEOLEA,SELEZIONE PONDINI,2025-08-10,2025-08-01,,,,,4511.2,137610.04,,,,,,,SPINS PowerTabs Neolea Data Ending 08-10-25.xlsb
NEOLEA,SEVEN FARMS,2025-08-10,2025-08-01,,,,,132.4,76.14,,,,,,,SPINS PowerTabs Neolea Data Ending 08-10-25.xlsb
NEOLEA,SOLSPRING,2025-08-10,2025-08-01,,,,,188.4,19310.44,,,,,,,SPINS PowerTabs Neolea Data Ending 08-10-25.xlsb
NEOLEA,SONOMA HARVEST,2025-08-10,2025-08-01,,,,,2452.6,4784.04,,,,,,,SPINS PowerTabs Neolea Data Ending 08-10-25.xlsb
NEOLEA,SOPHIA,2025-08-10,2025-08-01,,,,,920.8,739.3,,,,,,,SPINS PowerTabs Neolea Data Ending 08-10-25.xlsb
NEOLEA,SPARROW LANE,2025-08-10,2025-08-01,,,,,764.4,5524.8,,,,,,,SPINS PowerTabs Neolea Data Ending 08-10-25.xlsb
NEOLEA,SPECTRUM NATURALS,2025-08-10,2025-08-01,,,,,994.0,40961.94,,,,,,,SPINS PowerTabs Neolea Data Ending 08-10-25.xlsb
NEOLEA,SS CULINARY OIL CANOLA,2025-08-10,2025-08-01,,,,,31530936.6,346738374.83,,,,,,,SPINS PowerTabs Neolea Data Ending 08-10-25.xlsb
NEOLEA,SS CULINARY OIL FLAVORED & SPECIALTY,2025-08-10,2025-08-01,,,,,0.0,0.0,,,,,,,SPINS PowerTabs Neolea Data Ending 08-10-25.xlsb
NEOLEA,SS CULINARY OIL OLIVE,2025-08-10,2025-08-01,,,,,0.0,0.0,,,,,,,SPINS PowerTabs Neolea Data Ending 08-10-25.xlsb
NEOLEA,SS CULINARY OIL SPRAY & MIST,2025-08-10,2025-08-01,,,,,0.0,0.0,,,,,,,SPINS PowerTabs Neolea Data Ending 08-10-25.xlsb
NEOLEA,SS CULINARY OIL VEGETABLE & OTHER,2025-08-10,2025-08-01,,,,,0.0,0.0,,,,,,,SPINS PowerTabs Neolea Data Ending 08-10-25.xlsb
NEOLEA,SS VINEGARS BALSAMIC,2025-08-10,2025-08-01,,,,,0.0,0.0,,,,,,,SPINS PowerTabs Neolea Data Ending 08-10-25.xlsb
NEOLEA,SS VINEGARS NON BALSAMIC,2025-08-10,2025-08-01,,,,,0.0,0.0,,,,,,,SPINS PowerTabs Neolea Data Ending 08-10-25.xlsb
NEOLEA,STAR,2025-08-10,2025-08-01,,,,,1822.0,135058.6,,,,,,,SPINS PowerTabs Neolea Data Ending 08-10-25.xlsb
NEOLEA,STICKY BALSAMIC,2025-08-10,2025-08-01,,,,,560.8,16479.0,,,,,,,SPINS PowerTabs Neolea Data Ending 08-10-25.xlsb
NEOLEA,STONEWALL KITCHEN,2025-08-10,2025-08-01,,,,,946.6,47387.12,,,,,,,SPINS PowerTabs Neolea Data Ending 08-10-25.xlsb
NEOLEA,SUN OF ITALY,2025-08-10,2025-08-01,,,,,831.6,165.88,,,,,,,SPINS PowerTabs Neolea Data Ending 08-10-25.xlsb
NEOLEA,SUTTER BUTTES,2025-08-10,2025-08-01,,,,,1608.0,6713.84,,,,,,,SPINS PowerTabs Neolea Data Ending 08-10-25.xlsb
NEOLEA,Subcategory,2025-08-10,2025-08-01,,,,,0.0,0.0,,,,,,,SPINS PowerTabs Neolea Data Ending 08-10-25.xlsb
NEOLEA,TARGET CORP - RMA,2025-08-10,2025-08-01,,,,,45898307.400000006,287087270.11,,,,,,,SPINS PowerTabs Neolea Data Ending 08-10-25.xlsb
NEOLEA,TASSOS,2025-08-10,2025-08-01,,,,,467.2,2439.06,,,,,,,SPINS PowerTabs Neolea Data Ending 08-10-25.xlsb
NEOLEA,TASTO,2025-08-10,2025-08-01,,,,,153.8,1977.4,,,,,,,SPINS PowerTabs Neolea Data Ending 08-10-25.xlsb
NEOLEA,TERRA MEDI,2025-08-10,2025-08-01,,,,,353.6,2823.44,,,,,,,SPINS PowerTabs Neolea Data Ending 08-10-25.xlsb
NEOLEA,TEXAS OLIVE RANCH,2025-08-10,2025-08-01,,,,,2400.4,7468.02,,,,,,,SPINS PowerTabs Neolea Data Ending 08-10-25.xlsb
NEOLEA,THE FRESH MARKET - TOTAL US,2025-08-10,2025-08-01,,,,,2305734.4,29625311.270000003,515.052,86.09042611978238,,,,,SPINS PowerTabs Neolea Data Ending 08-10-25.xlsb
NEOLEA,THE TRENTASETTE COLLECTION,2025-08-10,2025-08-01,,,,,499.4,17707.78,,,,,,,SPINS PowerTabs Neolea Data Ending 08-10-25.xlsb
NEOLEA,TOUCAN,2025-08-10,2025-08-01,,,,,967.2,55510.96,,,,,,,SPINS PowerTabs Neolea Data Ending 08-10-25.xlsb
NEOLEA,TUSCANINI,2025-08-10,2025-08-01,,,,,496.4,5283.96,,,,,,,SPINS PowerTabs Neolea Data Ending 08-10-25.xlsb
NEOLEA,Time Period End Date,2025-08-10,2025-08-01,,,,,0.0,0.0,,,,,,,SPINS PowerTabs Neolea Data Ending 08-10-25.xlsb
NEOLEA,URBANI,2025-08-10,2025-08-01,,,,,135.2,1925.4,,,,,,,SPINS PowerTabs Neolea Data Ending 08-10-25.xlsb
NEOLEA,VANTIA,2025-08-10,2025-08-01,,,,,541.2,62904.62,,,,,,,SPINS PowerTabs Neolea Data Ending 08-10-25.xlsb
NEOLEA,VILLA MANODORI,2025-08-10,2025-08-01,,,,,827.2,363413.16,,,,,,,SPINS PowerTabs Neolea Data Ending 08-10-25.xlsb
NEOLEA,VILLA MANODORI ESSENZIALE,2025-08-10,2025-08-01,,,,,160.4,826.64,,,,,,,SPINS PowerTabs Neolea Data Ending 08-10-25.xlsb
NEOLEA,VILLAGE BATCH,2025-08-10,2025-08-01,,,,,692.4,477.0,,,,,,,SPINS PowerTabs Neolea Data Ending 08-10-25.xlsb
NEOLEA,VINCOTTO,2025-08-10,2025-08-01,,,,,0.0,0.0,,,,,,,SPINS PowerTabs Neolea Data Ending 08-10-25.xlsb
NEOLEA,VITA ORGANIC,2025-08-10,2025-08-01,,,,,989.2,1432.04,,,,,,,SPINS PowerTabs Neolea Data Ending 08-10-25.xlsb
NEOLEA,WILD HARVEST,2025-08-10,2025-08-01,,,,,416.8,3717.0,,,,,,,SPINS PowerTabs Neolea Data Ending 08-10-25.xlsb
NEOLEA,WOZZ KITCHEN CREATIONS,2025-08-10,2025-08-01,,,,,691.4,4100.08,,,,,,,SPINS PowerTabs Neolea Data Ending 08-10-25.xlsb
NEOLEA,YTD,2025-08-10,2025-08-01,,,,,0.0,0.0,,,,,,,SPINS PowerTabs Neolea Data Ending 08-10-25.xlsb
NEOLEA,ZACK BRUELL,2025-08-10,2025-08-01,,,,,2295.4,52023.16,,,,,,,SPINS PowerTabs Neolea Data Ending 08-10-25.xlsb
NEOLEA,nan,2025-08-10,2025-08-01,,,,,0.0,0.0,,,,,,,SPINS PowerTabs Neolea Data Ending 08-10-25.xlsb
